"Match ID","League","Start Date","Duration (s)","Duration (mm:ss)","Radiant Team","Team A","Team A Heroes","Team B","Team B Heroes","Winner"
"7117225221","15126","21 Apr 2023 01:00","2239","37:19","Team A","Team Tough","Crystal Maiden  Bounty Hunter  Rubick  Dawnbreaker  Primal Beast","UD VESSUWAN","Mirana  Silencer  Lycan  Ember Spirit  Monkey King","Team B"
"7118527355","15088","22 Apr 2023 12:17","3407","56:47","Team B","Luna Galaxy","Mirana  Death Prophet  Clockwerk  Doom  Terrorblade","Old G","Faceless Void  Dragon Knight  Enchantress  Monkey King  Snapfire","Team A"
"7118787769","15141","22 Apr 2023 05:56","1597","26:37","Team A","孤独摇滚","Night Stalker  Batrider  Rubick  Tusk  Muerta","iG.Vitality","Lion  Alchemist  Abaddon  Monkey King  Pangolier","Team B"
"7118839686","15141","22 Apr 2023 06:44","1997","33:17","Team A","孤独摇滚","Mirana  Weaver  Tusk  Ember Spirit  Terrorblade","iG.Vitality","Dazzle  Alchemist  Monkey King  Pangolier  Snapfire","Team A"
"7118900508","15141","22 Apr 2023 07:43","2822","47:02","Team A","孤独摇滚","Faceless Void  Clockwerk  Ember Spirit  Oracle  Muerta","iG.Vitality","Shadow Fiend  Jakiro  Chaos Knight  Monkey King  Pangolier","Team B"
"7119036519","15128","22 Apr 2023 09:22","2653","44:13","Team A","UD VESSUWAN","Lion  Nature's Prophet  Bounty Hunter  Doom  Pangolier","Outsiders From CN","Queen of Pain  Undying  Rubick  Monkey King  Dawnbreaker","Team B"
"7119197773","14691","22 Apr 2023 11:09","2506","41:46","Team A","Ionut Cercel","Venomancer  Pugna  Clockwerk  Enchantress  Ursa","HAVU","Crystal Maiden  Dragon Knight  Naga Siren  Timbersaw  Monkey King","Team A"
"7119259890","15141","22 Apr 2023 12:01","1896","31:36","Team B","Team Bright","Mirana  Beastmaster  Clockwerk  Slark  Legion Commander","Big brain","Puck  Templar Assassin  Bounty Hunter  Monkey King  Snapfire","Team B"
"7119375495","15141","22 Apr 2023 12:59","2489","41:29","Team B","Team Bright","Drow Ranger  Clockwerk  Chen  Void Spirit  Primal Beast","Big brain","Mirana  Doom  Ember Spirit  Monkey King  Muerta","Team B"
"7119695715","15196","22 Apr 2023 03:52","3429","57:09","Team B","Shopify Rebellion","Mirana  Puck  Alchemist  Legion Commander  Earth Spirit","Tundra Esports","Doom  Disruptor  Naga Siren  Techies  Monkey King","Team B"
"7120085930","15196","22 Apr 2023 07:06","2101","35:01","Team A","Gaimin Gladiators","Puck  Pudge  Windranger  Enchantress  Doom","Team Liquid","Phantom Lancer  Chen  Nyx Assassin  Skywrath Mage  Monkey King","Team B"
"7120502848","15136","22 Apr 2023 11:30","1802","30:02","Team A","x5 Gaming","Phantom Lancer  Storm Spirit  Skywrath Mage  Legion Commander  Dawnbreaker","NoLimitsGaming","Crystal Maiden  Batrider  Tusk  Underlord  Monkey King","Team A"
"7120797930","15141","23 Apr 2023 05:58","2038","33:58","Team B","Supernova","Sven  Tidehunter  Phoenix  Pangolier  Muerta","Holy Grail","Mirana  Storm Spirit  Chen  Monkey King  Primal Beast","Team A"
"7120859470","15141","23 Apr 2023 06:57","1872","31:12","Team B","Holy Grail","Queen of Pain  Dazzle  Bounty Hunter  Doom  Ursa","Supernova","Dragon Knight  Invoker  Disruptor  Phoenix  Monkey King","Team A"
"7121001446","15141","23 Apr 2023 09:14","2494","41:34","Team B","Team Disillusion","Mirana  Riki  Invoker  Naga Siren  Skywrath Mage","Team Bright","Anti-Mage  Crystal Maiden  Sand King  Leshrac  Monkey King","Team B"
"7121327411","14691","23 Apr 2023 01:06","2814","46:54","Team A","Unity Esports","Death Prophet  Clockwerk  Enchantress  Alchemist  Ember Spirit","Luna Galaxy","Mirana  Necrophos  Weaver  Outworld Devourer  Monkey King","Team B"
"7121345114","15141","23 Apr 2023 01:08","2238","37:18","Team A","Piggy Killer","Riki  Venomancer  Phantom Assassin  Chen  Rubick","Big brain","Mirana  Templar Assassin  Centaur Warrunner  Underlord  Monkey King","Team B"
"7121445429","15126","23 Apr 2023 02:05","1919","31:59","Team B","Team Tough","Dragon Knight  Bounty Hunter  Ursa  Ember Spirit  Phoenix","SPAWN Team","Death Prophet  Clockwerk  Huskar  Monkey King  Hoodwink","Team B"
"7121524512","15088","23 Apr 2023 02:55","1617","26:57","Team B","IVY","Phantom Assassin  Leshrac  Jakiro  Doom  Rubick","Team Secret","Beastmaster  Centaur Warrunner  Skywrath Mage  Monkey King  Snapfire","Team B"
"7121689345","14691","23 Apr 2023 04:02","2462","41:02","Team B","Ionut Cercel","Mirana  Queen of Pain  Rubick  Naga Siren  Primal Beast","Unity Esports","Puck  Sven  Doom  Monkey King  Hoodwink","Team B"
"7122060059","14691","23 Apr 2023 07:13","1434","23:54","Team B","Ionut Cercel","Shadow Shaman  Riki  Io  Legion Commander  Muerta","IVY","Mirana  Templar Assassin  Ancient Apparition  Alchemist  Monkey King","Team A"
"7122123248","15088","23 Apr 2023 07:54","3553","59:13","Team A","Luna Galaxy","Puck  Sven  Doom  Rubick  Skywrath Mage","Ancient Tribe","Mirana  Dazzle  Alchemist  Visage  Monkey King","Team B"
"7122163122","15196","23 Apr 2023 08:29","1705","28:25","Team A","Team Liquid","Crystal Maiden  Storm Spirit  Sven  Rubick  Underlord","Gaimin Gladiators","Queen of Pain  Disruptor  Centaur Warrunner  Monkey King  Dark Willow","Team A"
"7122413888","15088","23 Apr 2023 11:38","4077","1:07:57","Team A","Old G","Viper  Alchemist  Disruptor  Keeper of the Light  Legion Commander","ITB.Shuffle","Death Prophet  Rubick  Ember Spirit  Terrorblade  Monkey King","Team A"
"7122430711","15087","23 Apr 2023 11:56","2088","34:48","Team A","CDUB Esports","Anti-Mage  Templar Assassin  Chen  Alchemist  Techies","TiltedBoys","Axe  Necrophos  Enchantress  Rubick  Monkey King","Team A"
"7122593344","15267","24 Apr 2023 04:11","1903","31:43","Team B","Mad Kings Esports","Beastmaster  Jakiro  Alchemist  Rubick  Muerta","Thunder Awaken","Storm Spirit  Disruptor  Bristleback  Earth Spirit  Monkey King","Team B"
"7122638320","15141","24 Apr 2023 05:09","1312","21:52","Team B","Holy Grail","Windranger  Chen  Doom  Medusa  Earth Spirit","Team Disillusion","Crystal Maiden  Pudge  Sven  Enchantress  Monkey King","Team B"
"7122717247","15141","24 Apr 2023 07:14","1707","28:27","Team B","Supernova","Chen  Ursa  Rubick  Void Spirit  Snapfire","Team Bright","Mirana  Lich  Riki  Leshrac  Monkey King","Team B"
"7122764667","15141","24 Apr 2023 08:14","2715","45:15","Team B","Supernova","Mirana  Venomancer  Templar Assassin  Ember Spirit  Dark Willow","Big brain","Tidehunter  Bounty Hunter  Disruptor  Slark  Monkey King","Team A"
"7122812986","15128","24 Apr 2023 09:06","1466","24:26","Team A","UD VESSUWAN","Leshrac  Bounty Hunter  Chen  Lone Druid  Ember Spirit","Dino Esports","Crystal Maiden  Beastmaster  Luna  Rubick  Monkey King","Team B"
"7122859797","15128","24 Apr 2023 10:02","2264","37:44","Team A","UD VESSUWAN","Morphling  Puck  Chen  Timbersaw  Tusk","Manta Esports","Tiny  Beastmaster  Bounty Hunter  Rubick  Monkey King","Team A"
"7123333836","15138","24 Apr 2023 03:55","1753","29:13","Team B","No Sorry","Bloodseeker  Zeus  Beastmaster  Jakiro  Techies","Team Sexy","Lich  Enigma  Death Prophet  Alchemist  Monkey King","Team B"
"7123556694","14691","24 Apr 2023 05:46","1317","21:57","Team A","IVY","Dark Seer  Bounty Hunter  Ancient Apparition  Alchemist  Void Spirit","KZ TEAM","Rubick  Nyx Assassin  Monkey King  Pangolier  Snapfire","Team A"
"7123844647","15087","24 Apr 2023 08:57","1682","28:02","Team A","TiltedBoys","Phantom Lancer  Dragon Knight  Chen  Centaur Warrunner  Skywrath Mage","Ravens","Sand King  Undying  Ember Spirit  Monkey King  Snapfire","Team B"
"7123937766","15267","24 Apr 2023 10:00","3663","1:01:03","Team B","Ravens","Shadow Fiend  Tiny  Clockwerk  Doom  Rubick","Infamous Gaming","Mirana  Storm Spirit  Dark Seer  Nyx Assassin  Monkey King","Team B"
"7124115083","15267","25 Apr 2023 01:39","2199","36:39","Team B","Hokori","Bloodseeker  Mirana  Beastmaster  Batrider  Disruptor","Mad Kings Esports","Crystal Maiden  Weaver  Tusk  Ember Spirit  Monkey King","Team B"
"7124647148","14691","25 Apr 2023 01:06","1514","25:14","Team B","Ancient Tribe","Crystal Maiden  Slark  Ember Spirit  Snapfire  Primal Beast","KZ TEAM","Enchantress  Earth Spirit  Underlord  Monkey King  Void Spirit","Team A"
"7124698067","14691","25 Apr 2023 02:15","1448","24:08","Team A","Ancient Tribe","Crystal Maiden  Mirana  Tiny  Alchemist  Timbersaw","KZ TEAM","Pugna  Dark Seer  Chen  Nyx Assassin  Monkey King","Team B"
"7124774067","14691","25 Apr 2023 03:05","3209","53:29","Team A","KZ TEAM","Mirana  Shadow Fiend  Viper  Rubick  Centaur Warrunner","Ancient Tribe","Crystal Maiden  Death Prophet  Visage  Terrorblade  Monkey King","Team B"
"7125209990","15136","25 Apr 2023 07:03","2989","49:49","Team B","Lava Esports","Sven  Beastmaster  Rubick  Disruptor  Pangolier","Mad Kings Esports","Crystal Maiden  Dragon Knight  Monkey King  Void Spirit  Snapfire","Team B"
"7125327787","15136","25 Apr 2023 08:19","1481","24:41","Team A","Lava Esports","Bloodseeker  Lich  Beastmaster  Rubick  Pangolier","Mad Kings Esports","Crystal Maiden  Kunkka  Weaver  Earth Spirit  Monkey King","Team A"
"7125355254","14691","25 Apr 2023 08:43","1881","31:21","Team A","Ionut Cercel","Shadow Shaman  Beastmaster  Queen of Pain  Spectre  Io","KZ TEAM","Tinker  Doom  Skywrath Mage  Monkey King  Muerta","Team B"
"7125742750","15128","26 Apr 2023 05:08","1060","17:40","Team B","MIRACLE ESPORT","Clockwerk  Bounty Hunter  Arc Warden  Hoodwink  Void Spirit","Outsiders From CN","Juggernaut  Vengeful Spirit  Enchantress  Oracle  Monkey King","Team B"
"7126027509","15126","26 Apr 2023 11:30","2013","33:33","Team A","Myth Avenue Gaming","Crystal Maiden  Sven  Magnus  Skywrath Mage  Primal Beast","IHC","Broodmother  Undying  Rubick  Ember Spirit  Monkey King","Team A"
"7126226626","15251","26 Apr 2023 02:30","1916","31:56","Team A","Team Aster","Storm Spirit  Beastmaster  Pugna  Clockwerk  Terrorblade","Team Liquid","Night Stalker  Batrider  Disruptor  Nyx Assassin  Monkey King","Team A"
"7126240927","15251","26 Apr 2023 02:44","1828","30:28","Team B","Execration","Mirana  Shadow Fiend  Kunkka  Doom  Rubick","Evil Geniuses","Dark Seer  Enchantress  Nyx Assassin  Slark  Monkey King","Team B"
"7126320840","15251","26 Apr 2023 03:32","1924","32:04","Team B","Team Aster","Leshrac  Alchemist  Disruptor  Troll Warlord  Techies","Team Liquid","Bloodseeker  Crystal Maiden  Io  Monkey King  Void Spirit","Team B"
"7126332974","15251","26 Apr 2023 03:45","2234","37:14","Team B","Execration","Clockwerk  Batrider  Rubick  Underlord  Muerta","Evil Geniuses","Faceless Void  Disruptor  Legion Commander  Monkey King  Snapfire","Team B"
"7126414257","15138","26 Apr 2023 04:22","1526","25:26","Team B","cybercats","Puck  Beastmaster  Lifestealer  Chen  Skywrath Mage","No Sorry","Phantom Lancer  Enchantress  Underlord  Winter Wyvern  Monkey King","Team A"
"7126506219","15251","26 Apr 2023 05:15","2432","40:32","Team A","beastcoast","Bloodseeker  Leshrac  Dark Seer  Chen  Nyx Assassin","Talon","Jakiro  Doom  Tusk  Monkey King  Muerta","Team A"
"7126616935","15251","26 Apr 2023 06:28","1834","30:34","Team B","OG","Phantom Lancer  Tiny  Clockwerk  Dark Seer  Enchantress","Team SMG","Earthshaker  Windranger  Leshrac  Monkey King  Muerta","Team A"
"7126640287","15251","26 Apr 2023 06:40","3014","50:14","Team B","Shopify Rebellion","Leshrac  Doom  Io  Skywrath Mage  Terrorblade","INVICTUS GAMING","Storm Spirit  Pugna  Luna  Visage  Monkey King","Team A"
"7126746550","15251","26 Apr 2023 07:59","3360","56:00","Team A","Shopify Rebellion","Crystal Maiden  Storm Spirit  Sven  Doom  Techies","Team Spirit","Shadow Fiend  Shadow Demon  Disruptor  Underlord  Monkey King","Team A"
"7126823466","15251","26 Apr 2023 08:58","2038","33:58","Team A","beastcoast","Alchemist  Disruptor  Troll Warlord  Tusk  Snapfire","Team SMG","Mirana  Kunkka  Phoenix  Monkey King  Muerta","Team A"
"7126899831","15136","26 Apr 2023 10:02","3228","53:48","Team A","x5 Gaming","Puck  Lion  Bounty Hunter  Doom  Terrorblade","Lava Esports","Silencer  Rubick  Monkey King  Pangolier  Void Spirit","Team B"
"7126903399","15267","26 Apr 2023 10:02","2766","46:06","Team A","Infamous Gaming","Storm Spirit  Treant Protector  Rubick  Legion Commander  Muerta","Vivo Keyd Stars","Death Prophet  Alchemist  Disruptor  Monkey King  Void Spirit","Team A"
"7127378516","15128","27 Apr 2023 09:59","1164","19:24","Team A","Hashtag.Reaper","Jakiro  Rubick  Slark  Legion Commander  Void Spirit","Outsiders From CN","Crystal Maiden  Storm Spirit  Bounty Hunter  Skywrath Mage  Monkey King","Team B"
"7127475361","15251","27 Apr 2023 12:00","3149","52:29","Team A","Execration","Lich  Enchantress  Batrider  Doom  Slark","Team Aster","Mirana  Storm Spirit  Pugna  Monkey King  Dawnbreaker","Team B"
"7127644998","15251","27 Apr 2023 02:30","1854","30:54","Team A","9Pandas","Doom  Troll Warlord  Techies  Ember Spirit  Phoenix","Team Aster","Queen of Pain  Chen  Legion Commander  Monkey King  Snapfire","Team B"
"7127766342","15251","27 Apr 2023 03:43","1533","25:33","Team A","TSM","Storm Spirit  Broodmother  Bounty Hunter  Rubick  Muerta","Evil Geniuses","Queen of Pain  Doom  Disruptor  Slark  Monkey King","Team B"
"7127790926","14691","27 Apr 2023 04:01","1643","27:23","Team B","Ancient Tribe","Phantom Lancer  Enchantress  Bounty Hunter  Ember Spirit  Primal Beast","Luna Galaxy","Crystal Maiden  Beastmaster  Rubick  Magnus  Monkey King","Team B"
"7127904846","14691","27 Apr 2023 04:57","2222","37:02","Team B","Ancient Tribe","Crystal Maiden  Dazzle  Alchemist  Rubick  Underlord","Luna Galaxy","Mirana  Dragon Knight  Ursa  Silencer  Monkey King","Team B"
"7128171641","15251","27 Apr 2023 07:58","1567","26:07","Team A","Team Spirit","Crystal Maiden  Phantom Lancer  Doom  Disruptor  Underlord","INVICTUS GAMING","Kunkka  Luna  Enchantress  Visage  Monkey King","Team A"
"7128898528","15251","28 Apr 2023 12:00","1710","28:30","Team A","Gaimin Gladiators","Doom  Rubick  Keeper of the Light  Ember Spirit  Terrorblade","Team Aster","Crystal Maiden  Queen of Pain  Io  Legion Commander  Monkey King","Team A"
"7129388346","15251","28 Apr 2023 05:27","1830","30:30","Team A","Tundra Esports","Windranger  Dark Seer  Enchantress  Ursa  Alchemist","Talon","Crystal Maiden  Drow Ranger  Pudge  Doom  Monkey King","Team A"
"7129488931","15251","28 Apr 2023 06:26","2961","49:21","Team A","OG","Phantom Lancer  Silencer  Nyx Assassin  Keeper of the Light  Ember Spirit","INVICTUS GAMING","Storm Spirit  Pugna  Disruptor  Timbersaw  Monkey King","Team B"
"7129709647","15251","28 Apr 2023 08:54","1916","31:56","Team B","Talon","Tidehunter  Dragon Knight  Disruptor  Naga Siren  Keeper of the Light","Team SMG","Mirana  Kunkka  Luna  Techies  Monkey King","Team A"
"7129750936","15251","28 Apr 2023 09:25","1803","30:03","Team B","OG","Crystal Maiden  Venomancer  Alchemist  Invoker  Brewmaster","Tundra Esports","Phantom Lancer  Windranger  Dark Seer  Enchantress  Monkey King","Team A"
"7130008126","15267","29 Apr 2023 01:56","2890","48:10","Team B","Balrogs Esports™","Riki  Jakiro  Undying  Keeper of the Light  Slark","Mad Kings Esports","Crystal Maiden  Bounty Hunter  Skywrath Mage  Ember Spirit  Monkey King","Team A"
"7130261971","15128","29 Apr 2023 07:44","1549","25:49","Team B","EV GaminG","Crystal Maiden  Bounty Hunter  Tusk  Void Spirit  Muerta","Dino Esports","Mirana  Pudge  Queen of Pain  Weaver  Monkey King","Team B"
"7130537977","15251","29 Apr 2023 12:00","2112","35:12","Team A","TSM","Riki  Enchantress  Bounty Hunter  Underlord  Muerta","Team Aster","Axe  Crystal Maiden  Alchemist  Keeper of the Light  Monkey King","Team B"
"7130539747","15251","29 Apr 2023 12:00","2517","41:57","Team A","PSG.LGD","Beastmaster  Alchemist  Medusa  Elder Titan  Hoodwink","Team Liquid","Morphling  Enchantress  Rubick  Underlord  Monkey King","Team A"
"7131794070","15128","30 Apr 2023 05:02","1933","32:13","Team B","EV GaminG","Crystal Maiden  Beastmaster  Terrorblade  Hoodwink  Void Spirit","Manta Esports","Venomancer  Bounty Hunter  Disruptor  Monkey King  Primal Beast","Team A"
"7131839597","15128","30 Apr 2023 06:02","1258","20:58","Team A","EV GaminG","Mirana  Riki  Queen of Pain  Rubick  Naga Siren","Manta Esports","Beastmaster  Leshrac  Io  Phoenix  Monkey King","Team A"
"7131939577","15128","30 Apr 2023 07:59","893","14:53","Team A","Team Tough","Riki  Chen  Alchemist  Lone Druid  Hoodwink","EV GaminG","Bloodseeker  Pudge  Pugna  Monkey King  Primal Beast","Team B"
"7132198720","15251","30 Apr 2023 12:00","1686","28:06","Team A","Gaimin Gladiators","Alchemist  Rubick  Magnus  Skywrath Mage  Void Spirit","TSM","Crystal Maiden  Beastmaster  Omniknight  Enchantress  Monkey King","Team A"
"7132209028","15251","30 Apr 2023 12:00","2238","37:18","Team A","Team Liquid","Crystal Maiden  Sven  Doom  Skywrath Mage  Void Spirit","Evil Geniuses","Rubick  Io  Slark  Magnus  Monkey King","Team A"
"7132449802","15251","30 Apr 2023 02:45","1505","25:05","Team B","Xtreme Gaming","Bloodseeker  Crystal Maiden  Dragon Knight  Ogre Magi  Keeper of the Light","Shopify Rebellion","Storm Spirit  Underlord  Phoenix  Monkey King  Hoodwink","Team B"
"7132789617","15251","30 Apr 2023 05:55","2740","45:40","Team A","Team Aster","Shadow Fiend  Pugna  Alchemist  Disruptor  Mars","Evil Geniuses","Bloodseeker  Crystal Maiden  Batrider  Keeper of the Light  Monkey King","Team A"
"7133513518","15128","01 May 2023 05:00","2174","36:14","Team A","Manta Esports","Storm Spirit  Lion  Doom  Silencer  Slark","MIRACLE ESPORT","Crystal Maiden  Rubick  Monkey King  Void Spirit  Dawnbreaker","Team B"
"7133936762","15251","01 May 2023 12:03","2762","46:02","Team A","Gaimin Gladiators","Silencer  Ogre Magi  Keeper of the Light  Medusa  Void Spirit","Team Spirit","Axe  Storm Spirit  Enchantress  Skywrath Mage  Monkey King","Team A"
"7134046739","15251","01 May 2023 01:30","2392","39:52","Team A","OG","Bloodseeker  Crystal Maiden  Invoker  Underlord  Dark Willow","Team Liquid","Beastmaster  Silencer  Keeper of the Light  Monkey King  Pangolier","Team B"
"7134156892","15251","01 May 2023 02:42","2228","37:08","Team B","OG","Batrider  Ursa  Alchemist  Io  Phoenix","Team Liquid","Crystal Maiden  Phantom Lancer  Doom  Ember Spirit  Monkey King","Team A"
"7134558463","15251","01 May 2023 06:33","2133","35:33","Team B","9Pandas","Puck  Slardar  Chen  Doom  Skywrath Mage","Shopify Rebellion","Crystal Maiden  Storm Spirit  Venomancer  Io  Monkey King","Team A"
"7135913848","15251","02 May 2023 05:00","1612","26:52","Team B","Xtreme Gaming","Bloodseeker  Puck  Lich  Bounty Hunter  Underlord","Team Liquid","Necrophos  Keeper of the Light  Oracle  Monkey King  Void Spirit","Team B"
"7136128051","15251","02 May 2023 07:18","1751","29:11","Team A","Shopify Rebellion","Sven  Rubick  Underlord  Oracle  Void Spirit","Evil Geniuses","Crystal Maiden  Shadow Fiend  Tidehunter  Bounty Hunter  Monkey King","Team B"
"7136476542","15267","03 May 2023 01:05","1754","29:14","Team A","Infamous Gaming","Crystal Maiden  Mirana  Alchemist  Ember Spirit  Dawnbreaker","Mad Kings Esports","Storm Spirit  Lion  Ogre Magi  Rubick  Monkey King","Team A"
"7136505687","15267","03 May 2023 02:05","1704","28:24","Team B","Mad Kings Esports","Crystal Maiden  Queen of Pain  Weaver  Doom  Earth Spirit","Infamous Gaming","Mirana  Storm Spirit  Dark Seer  Bounty Hunter  Monkey King","Team B"
"7136649312","15128","03 May 2023 05:59","1604","26:44","Team B","Hashtag.Reaper","Bloodseeker  Mirana  Disruptor  Magnus  Ember Spirit","EV GaminG","Crystal Maiden  Riki  Alchemist  Monkey King  Muerta","Team B"
"7137723266","15251","03 May 2023 09:05","2821","47:01","Team A","Tundra Esports","Crystal Maiden  Windranger  Venomancer  Underlord  Terrorblade","9Pandas","Tinker  Enchantress  Bounty Hunter  Batrider  Monkey King","Team B"
"7137915566","15267","04 May 2023 01:00","1409","23:29","Team B","Thunder Awaken","Tiny  Beastmaster  Enchantress  Alchemist  Rubick","Infamous Gaming","Lich  Doom  Monkey King  Void Spirit  Snapfire","Team A"
"7137946329","15267","04 May 2023 01:55","2110","35:10","Team A","Thunder Awaken","Disruptor  Keeper of the Light  Ember Spirit  Terrorblade  Dawnbreaker","Infamous Gaming","Enchantress  Alchemist  Rubick  Legion Commander  Monkey King","Team A"
"7138077506","15128","04 May 2023 06:02","1836","30:36","Team B","Outsiders From CN","Crystal Maiden  Pudge  Queen of Pain  Clockwerk  Dawnbreaker","Dino Esports","Puck  Riki  Venomancer  Bounty Hunter  Monkey King","Team A"
"7138147108","15128","04 May 2023 07:51","2084","34:44","Team B","Team Tough","Pugna  Templar Assassin  Clockwerk  Underlord  Pangolier","Dino Esports","Riki  Rubick  Magnus  Oracle  Monkey King","Team B"
"7139434903","15128","05 May 2023 05:06","1341","22:21","Team B","Dino Esports","Bloodseeker  Crystal Maiden  Windranger  Beastmaster  Void Spirit","Manta Esports","Axe  Storm Spirit  Keeper of the Light  Skywrath Mage  Monkey King","Team A"
"7139727701","15251","05 May 2023 12:00","3288","54:48","Team A","Team Aster","Mirana  Pugna  Disruptor  Slark  Underlord","Team Liquid","Beastmaster  Techies  Oracle  Monkey King  Void Spirit","Team B"
"7140987553","15128","06 May 2023 07:14","1343","22:23","Team A","We Own","Sven  Lich  Queen of Pain  Rubick  Timbersaw","MIRACLE ESPORT","Mirana  Necrophos  Enchantress  Slark  Monkey King","Team B"
"7141402305","15251","06 May 2023 01:40","2125","35:25","Team A","OG","Phantom Lancer  Windranger  Batrider  Disruptor  Earth Spirit","Evil Geniuses","Bloodseeker  Queen of Pain  Silencer  Keeper of the Light  Monkey King","Team A"
"7141506538","15251","06 May 2023 02:48","1755","29:15","Team A","OG","Crystal Maiden  Windranger  Beastmaster  Faceless Void  Disruptor","Evil Geniuses","Kunkka  Bounty Hunter  Doom  Keeper of the Light  Monkey King","Team B"
"7141818157","15251","06 May 2023 05:33","2085","34:45","Team A","Gaimin Gladiators","Tiny  Silencer  Techies  Underlord  Terrorblade","9Pandas","Crystal Maiden  Bounty Hunter  Invoker  Skywrath Mage  Monkey King","Team A"
"7143067772","15251","07 May 2023 12:02","2318","38:38","Team B","9Pandas","Phantom Lancer  Beastmaster  Queen of Pain  Chen  Techies","Team Liquid","Tidehunter  Leshrac  Terrorblade  Oracle  Monkey King","Team A"
"7143645211","15251","07 May 2023 05:32","2196","36:36","Team B","Team Liquid","Lich  Faceless Void  Doom  Techies  Ember Spirit","Gaimin Gladiators","Crystal Maiden  Bounty Hunter  Keeper of the Light  Monkey King  Pangolier","Team A"
"7144065416","15268","07 May 2023 10:02","2598","43:18","Team A","Vivo Keyd Stars","Venomancer  Bounty Hunter  Underlord  Terrorblade  Pangolier","Mad Kings Esports","Dark Seer  Alchemist  Invoker  Elder Titan  Monkey King","Team A"
"7144158066","15268","07 May 2023 11:19","1131","18:51","Team A","Mad Kings Esports","Morphling  Dragon Knight  Disruptor  Keeper of the Light  Ember Spirit","Vivo Keyd Stars","Storm Spirit  Pugna  Techies  Underlord  Monkey King","Team B"
"7144515968","15128","08 May 2023 08:01","1554","25:54","Team B","Hashtag.Reaper","Drow Ranger  Storm Spirit  Beastmaster  Bounty Hunter  Rubick","Dino Esports","Crystal Maiden  Underlord  Terrorblade  Monkey King  Void Spirit","Team A"
"7146039354","15128","09 May 2023 06:12","1734","28:54","Team A","Virgo","Doom  Undying  Keeper of the Light  Medusa  Magnus","MIRACLE ESPORT","Anti-Mage  Axe  Crystal Maiden  Skywrath Mage  Monkey King","Team A"
"7146073981","15128","09 May 2023 07:02","1563","26:03","Team B","Virgo","Bloodseeker  Windranger  Venomancer  Doom  Rubick","MIRACLE ESPORT","Mirana  Ember Spirit  Monkey King  Hoodwink  Dawnbreaker","Team A"
"7146119443","15128","09 May 2023 08:05","2959","49:19","Team A","UD VESSUWAN","Crystal Maiden  Storm Spirit  Batrider  Medusa  Skywrath Mage","EV GaminG","Rubick  Slark  Underlord  Monkey King  Void Spirit","Team B"
"7147408962","15268","10 May 2023 01:30","2359","39:19","Team A","Balrogs Esports™","Tiny  Beastmaster  Disruptor  Keeper of the Light  Terrorblade","Vivo Keyd Stars","Crystal Maiden  Kunkka  Doom  Alchemist  Monkey King","Team B"
"7149095157","15128","11 May 2023 08:49","1071","17:51","Team A","Dino Esports","Leshrac  Nature's Prophet  Enchantress  Chen  Lone Druid","EV GaminG","Earthshaker  Dark Seer  Invoker  Rubick  Monkey King","Team A"
"7150089378","15268","11 May 2023 10:00","1942","32:22","Team A","Thunder Awaken","Enchantress  Alchemist  Techies  Underlord  Void Spirit","Hokori","Crystal Maiden  Beastmaster  Ursa  Skywrath Mage  Monkey King","Team A"
"7150150830","15268","11 May 2023 11:00","1777","29:37","Team A","Hokori","Storm Spirit  Beastmaster  Undying  Rubick  Medusa","Thunder Awaken","Anti-Mage  Enchantress  Techies  Ember Spirit  Monkey King","Team B"
"7150257966","15268","12 May 2023 01:51","2852","47:32","Team B","Acatsuki","Storm Spirit  Sven  Keeper of the Light  Skywrath Mage  Dawnbreaker","Infamous Gaming","Riki  Dark Seer  Enchantress  Ember Spirit  Monkey King","Team B"
"7150370936","15128","12 May 2023 05:14","1905","31:45","Team B","Outsider From CN","Windranger  Clockwerk  Enchantress  Slark  Void Spirit","MIRACLE ESPORT","Crystal Maiden  Doom  Keeper of the Light  Ember Spirit  Monkey King","Team B"
"7151813568","15268","13 May 2023 02:58","3861","1:04:21","Team A","Infamous Gaming","Mirana  Sven  Dark Seer  Alchemist  Nyx Assassin","Thunder Awaken","Shadow Demon  Techies  Ember Spirit  Terrorblade  Monkey King","Team A"
"7151976748","15128","13 May 2023 06:43","2461","41:01","Team A","EV GaminG","Phantom Lancer  Riki  Leshrac  Treant Protector  Rubick","Virgo","Windranger  Omniknight  Doom  Techies  Monkey King","Team A"
"7154280766","15335","14 May 2023 02:25","2242","37:22","Team B","HYDRA","Storm Spirit  Ursa  Alchemist  Rubick  Keeper of the Light","Nemiga Gaming","Bloodseeker  Puck  Doom  Silencer  Monkey King","Team A"
"7154912193","15365","14 May 2023 08:37","1869","31:09","Team B","Acatsuki","Windranger  Templar Assassin  Undying  Rubick  Underlord","INFINITY","Mirana  Beastmaster  Alchemist  Silencer  Monkey King","Team B"
"7155472826","15374","15 May 2023 10:00","2407","40:07","Team A","Execration","Crystal Maiden  Rubick  Magnus  Underlord  Void Spirit","BLEED","Tinker  Doom  Disruptor  Skywrath Mage  Monkey King","Team A"
"7155641532","15333","15 May 2023 01:05","2025","33:45","Team A","Reverse Measurement","Leshrac  Dark Seer  Spirit Breaker  Undying  Slark","Anime Enjoyers","Storm Spirit  Rubick  Disruptor  Underlord  Monkey King","Team B"
"7155646331","15333","15 May 2023 01:10","992","16:32","Team A","xFinity","Drow Ranger  Storm Spirit  Doom  Undying  Techies","Ka Le","Beastmaster  Queen of Pain  Venomancer  Keeper of the Light  Monkey King","Team B"
"7155646629","15333","15 May 2023 01:10","1324","22:04","Team B","Dark Future","Phantom Lancer  Venomancer  Rubick  Magnus  Underlord","Clowns From CIS","Axe  Crystal Maiden  Techies  Monkey King  Pangolier","Team A"
"7155713965","15333","15 May 2023 02:07","1197","19:57","Team B","Unknown Dire Team","Witch Doctor  Doom  Lone Druid  Skywrath Mage  Legion Commander","Bald Dynasty","Anti-Mage  Jakiro  Batrider  Alchemist  Monkey King","Team B"
"7155785328","15333","15 May 2023 02:58","1609","26:49","Team B","S.W.A.T.","Beastmaster  Bounty Hunter  Naga Siren  Keeper of the Light  Ember Spirit","Fiery Bubble","Crystal Maiden  Clinkz  Lone Druid  Ogre Magi  Monkey King","Team A"
"7155889374","15347","15 May 2023 04:03","1453","24:13","Team B","Partizan","Crystal Maiden  Outworld Devourer  Rubick  Slark  Timbersaw","Trouble Makers Reborn","Bane  Magnus  Skywrath Mage  Ember Spirit  Monkey King","Team B"
"7155956387","15347","15 May 2023 04:43","2263","37:43","Team A","Gen of Miracles","Storm Spirit  Lifestealer  Doom  Grimstroke  Snapfire","HAVU","Beastmaster  Venomancer  Batrider  Spirit Breaker  Monkey King","Team B"
"7155960255","15347","15 May 2023 04:46","1172","19:32","Team A","LEVEL UP","Enigma  Enchantress  Naga Siren  Keeper of the Light  Ember Spirit","Trouble Makers Reborn","Crystal Maiden  Storm Spirit  Techies  Earth Spirit  Monkey King","Team A"
"7155985917","15347","15 May 2023 05:01","2515","41:55","Team B","based team","Pugna  Doom  Medusa  Dark Willow  Pangolier","KZ TEAM","Riki  Disruptor  Tusk  Techies  Monkey King","Team B"
"7156018770","15347","15 May 2023 05:21","1476","24:36","Team A","LEVEL UP","Bloodseeker  Enigma  Death Prophet  Pugna  Medusa","Trouble Makers Reborn","Crystal Maiden  Puck  Skywrath Mage  Underlord  Monkey King","Team A"
"7156053793","15347","15 May 2023 05:44","1932","32:12","Team B","HAVU","Bloodseeker  Mirana  Venomancer  Doom  Ember Spirit","Gen of Miracles","Sven  Disruptor  Keeper of the Light  Underlord  Monkey King","Team A"
"7156115005","15333","15 May 2023 06:26","1975","32:55","Team A","S.W.A.T.","Puck  Doom  Rubick  Slark  Oracle","Ka Le","Storm Spirit  Venomancer  Silencer  Legion Commander  Monkey King","Team A"
"7156345370","15351","15 May 2023 09:35","2315","38:35","Team A","Tundra Esports","Clinkz  Lycan  Medusa  Magnus  Techies","OG","Queen of Pain  Venomancer  Spirit Breaker  Disruptor  Monkey King","Team B"
"7156376059","15268","15 May 2023 09:59","2328","38:48","Team B","INFINITY","Shadow Fiend  Dark Seer  Undying  Skywrath Mage  Pangolier","Vivo Keyd Stars","Crystal Maiden  Queen of Pain  Underlord  Terrorblade  Monkey King","Team A"
"7156491887","15268","16 May 2023 12:25","2443","40:43","Team A","INFINITY","Undying  Keeper of the Light  Legion Commander  Terrorblade  Pangolier","Vivo Keyd Stars","Beastmaster  Enchantress  Batrider  Techies  Monkey King","Team B"
"7156507204","15350","16 May 2023 12:50","1589","26:29","Team B","B8","Crystal Maiden  Doom  Ursa  Rubick  Pangolier","nouns","Enchantress  Visage  Timbersaw  Earth Spirit  Monkey King","Team B"
"7156545170","15346","16 May 2023 02:01","1194","19:54","Team B","Not this Time","Axe  Juggernaut  Necrophos  Disruptor  Nyx Assassin","GRIN Esports","Windranger  Clockwerk  Alchemist  Monkey King  Dark Willow","Team B"
"7156545908","15346","16 May 2023 02:03","2272","37:52","Team A","Cyberdragon infinity","Tinker  Beastmaster  Enchantress  Bounty Hunter  Alchemist","CAP","Windranger  Lich  Disruptor  Monkey King  Void Spirit","Team A"
"7156754081","15383","16 May 2023 08:00","2417","40:17","Team B","Xtreme Gaming","Death Prophet  Doom  Alchemist  Nyx Assassin  Oracle","Piggy Killer","Keeper of the Light  Medusa  Magnus  Earth Spirit  Monkey King","Team A"
"7156998596","15335","16 May 2023 01:01","2188","36:28","Team A","One Move","Lich  Beastmaster  Skywrath Mage  Ember Spirit  Terrorblade","HYDRA","Crystal Maiden  Alchemist  Timbersaw  Techies  Monkey King","Team B"
"7157260115","15347","16 May 2023 04:02","2673","44:33","Team A","LEVEL UP","Sven  Bounty Hunter  Batrider  Silencer  Ember Spirit","KZ TEAM","Dark Seer  Huskar  Disruptor  Medusa  Monkey King","Team A"
"7157264395","15347","16 May 2023 04:04","1585","26:25","Team B","RAM SQUAD","Spirit Breaker  Shadow Demon  Medusa  Legion Commander  Ember Spirit","HAVU","Magnus  Timbersaw  Elder Titan  Oracle  Monkey King","Team A"
"7157365964","15347","16 May 2023 05:05","1814","30:14","Team A","LEVEL UP","Storm Spirit  Disruptor  Keeper of the Light  Underlord  Terrorblade","KZ TEAM","Crystal Maiden  Dark Seer  Bounty Hunter  Monkey King  Void Spirit","Team A"
"7157390910","14691","16 May 2023 05:20","2309","38:29","Team A","Unity Esports","Storm Spirit  Enchantress  Alchemist  Underlord  Hoodwink","Ancient Tribe","Witch Doctor  Viper  Night Stalker  Rubick  Monkey King","Team A"
"7157959572","15346","17 May 2023 03:25","3252","54:12","Team B","American goons","Crystal Maiden  Beastmaster  Alchemist  Techies  Pangolier","Cyberdragon infinity","Windranger  Enchantress  Medusa  Monkey King  Snapfire","Team A"
"7158006657","15346","17 May 2023 04:48","3131","52:11","Team B","GRIN Esports","Pugna  Clockwerk  Techies  Ember Spirit  Terrorblade","American goons","Lich  Queen of Pain  Clinkz  Doom  Monkey King","Team B"
"7158125433","15374","17 May 2023 08:02","2335","38:55","Team A","Army Geniuses Mansion","Windranger  Clockwerk  Doom  Invoker  Arc Warden","Made in Philippines","Venomancer  Skywrath Mage  Ember Spirit  Monkey King  Dawnbreaker","Team A"
"7158451837","15333","17 May 2023 01:52","839","13:59","Team B","NoTinker","Sven  Tidehunter  Bounty Hunter  Skywrath Mage  Ember Spirit","love nut","Pudge  Pugna  Batrider  Naga Siren  Monkey King","Team B"
"7158591390","15333","17 May 2023 03:28","2515","41:55","Team B","Comeback","Queen of Pain  Silencer  Skywrath Mage  Underlord  Terrorblade","Anime Enjoyers","Crystal Maiden  Dark Seer  Earth Spirit  Monkey King  Pangolier","Team B"
"7158620253","15333","17 May 2023 03:46","2195","36:35","Team A","Bald Dynasty","Puck  Doom  Bristleback  Techies  Oracle","FireBloom","Windranger  Bounty Hunter  Silencer  Rubick  Monkey King","Team A"
"7158655586","15333","17 May 2023 04:06","1730","28:50","Team A","Chikara","Riki  Pugna  Bounty Hunter  Undying  Ember Spirit","AlexFamily","Crystal Maiden  Windranger  Enigma  Skywrath Mage  Monkey King","Team B"
"7158770992","15333","17 May 2023 05:16","2159","35:59","Team B","AlexFamily","Crystal Maiden  Windranger  Enigma  Legion Commander  Techies","Chikara","Lich  Queen of Pain  Skywrath Mage  Monkey King  Void Spirit","Team B"
"7158852258","15333","17 May 2023 06:09","2524","42:04","Team A","Matreshka","Jakiro  Skywrath Mage  Ember Spirit  Primal Beast  Muerta","sQreens squad","Disruptor  Keeper of the Light  Centaur Warrunner  Monkey King  Pangolier","Team A"
"7159302301","15346","18 May 2023 02:04","1271","21:11","Team A","For Fun","Windranger  Pugna  Medusa  Centaur Warrunner  Techies","Not this Time","Tiny  Doom  Disruptor  Oracle  Monkey King","Team A"
"7159368978","15346","18 May 2023 04:16","1690","28:10","Team A","the xdders","Windranger  Queen of Pain  Brewmaster  Earth Spirit  Oracle","Cyberdragon infinity","Crystal Maiden  Medusa  Legion Commander  Monkey King  Void Spirit","Team B"
"7159384285","15346","18 May 2023 04:42","1966","32:46","Team A","For Fun","Doom  Alchemist  Skywrath Mage  Oracle  Snapfire","CAP","Ancient Apparition  Magnus  Techies  Underlord  Monkey King","Team B"
"7159398957","15385","18 May 2023 05:07","1524","25:24","Team A","iG.Vitality","Storm Spirit  Pugna  Doom  Disruptor  Medusa","ToLight","Crystal Maiden  Queen of Pain  Underlord  Monkey King  Muerta","Team A"
"7159556572","15385","18 May 2023 09:13","3769","1:02:49","Team B","Arcane","Doom  Keeper of the Light  Medusa  Techies  Void Spirit","dldfans","Undying  Rubick  Slark  Centaur Warrunner  Monkey King","Team A"
"7159928958","15333","18 May 2023 03:12","2547","42:27","Team A","Bald Dynasty","Jakiro  Keeper of the Light  Medusa  Timbersaw  Techies","Anime Enjoyers","Dark Seer  Doom  Disruptor  Skywrath Mage  Monkey King","Team A"
"7160250082","15347","18 May 2023 06:35","1445","24:05","Team B","KZ TEAM","Bounty Hunter  Batrider  Disruptor  Medusa  Tusk","Trouble Makers Reborn","Windranger  Io  Skywrath Mage  Abaddon  Monkey King","Team A"
"7160281993","15365","18 May 2023 06:59","1967","32:47","Team B","Infamous Gaming","Mirana  Morphling  Bounty Hunter  Batrider  Dawnbreaker","Mad Kings Esports","Omniknight  Techies  Ember Spirit  Oracle  Monkey King","Team A"
"7160616189","15365","19 May 2023 12:18","2073","34:33","Team B","beastcoast","Chen  Rubick  Naga Siren  Snapfire  Mars","INFINITY","Shadow Fiend  Beastmaster  Treant Protector  Techies  Monkey King","Team A"
"7160708932","15346","19 May 2023 03:11","2480","41:20","Team B","CAP","Venomancer  Faceless Void  Batrider  Doom  Techies","Cyberdragon infinity","Zeus  Lich  Beastmaster  Magnus  Monkey King","Team A"
"7161170548","15333","19 May 2023 01:19","1924","32:04","Team A","Unity Esports","Tiny  Enchantress  Alchemist  Underlord  Hoodwink","4u4uwara","Skywrath Mage  Legion Commander  Earth Spirit  Phoenix  Monkey King","Team B"
"7161246078","15333","19 May 2023 02:19","1541","25:41","Team B","Comeback","Mirana  Storm Spirit  Windranger  Alchemist  Legion Commander","Ka Le","Warlock  Queen of Pain  Bounty Hunter  Spirit Breaker  Monkey King","Team A"
"7161480800","15347","19 May 2023 04:42","1759","29:19","Team A","Twisted Minds","Earthshaker  Undying  Rubick  Magnus  Ember Spirit","Gen of Miracles","Bloodseeker  Disruptor  Techies  Underlord  Monkey King","Team A"
"7161724521","15351","19 May 2023 07:11","3219","53:39","Team A","Team Liquid","Anti-Mage  Queen of Pain  Clinkz  Disruptor  Void Spirit","Luna Galaxy","Kunkka  Lich  Keeper of the Light  Medusa  Monkey King","Team A"
"7161835503","15351","19 May 2023 08:30","3421","57:01","Team A","Luna Galaxy","Faceless Void  Bounty Hunter  Batrider  Silencer  Timbersaw","Team Liquid","Crystal Maiden  Clinkz  Omniknight  Monkey King  Void Spirit","Team B"
"7162154581","15346","20 May 2023 02:03","1373","22:53","Team A","For Fun","Windranger  Queen of Pain  Clockwerk  Rubick  Medusa","outlawlogic","Crystal Maiden  Earthshaker  Templar Assassin  Dark Seer  Monkey King","Team A"
"7162164858","15346","20 May 2023 02:20","1827","30:27","Team A","TheLadiesLove","Drow Ranger  Ancient Apparition  Nyx Assassin  Underlord  Pangolier","Cyberdragon infinity","Crystal Maiden  Windranger  Alchemist  Ember Spirit  Monkey King","Team B"
"7162189957","15346","20 May 2023 03:06","523","08:43","Team A","TheLadiesLove","Mirana  Lich  Queen of Pain  Ember Spirit  Underlord","Cyberdragon infinity","Pudge  Clinkz  Spirit Breaker  Monkey King  Grimstroke","Team B"
"7162248926","15346","20 May 2023 04:34","1607","26:47","Team A","5meow","Bloodseeker  Necrophos  Spirit Breaker  Alchemist  Oracle","Cyberdragon infinity","Windranger  Venomancer  Nyx Assassin  Monkey King  Grimstroke","Team A"
"7162389126","15383","20 May 2023 07:26","1699","28:19","Team B","Piggy Killer","Windranger  Faceless Void  Enchantress  Magnus  Dark Willow","Team Aster","Spirit Breaker  Visage  Oracle  Monkey King  Void Spirit","Team B"
"7162593542","15383","20 May 2023 10:36","2783","46:23","Team B","INVICTUS GAMING","Rubick  Timbersaw  Techies  Terrorblade  Void Spirit","Team Bright","Crystal Maiden  Windranger  Beastmaster  Keeper of the Light  Monkey King","Team A"
"7162816754","15383","20 May 2023 01:35","2586","43:06","Team B","Azure Ray","Crystal Maiden  Storm Spirit  Doom  Ursa  Silencer","Xtreme Gaming","Dragon Knight  Spirit Breaker  Rubick  Techies  Monkey King","Team B"
"7162867484","14691","20 May 2023 02:14","2247","37:27","Team A","KZ TEAM","Bloodseeker  Vengeful Spirit  Windranger  Doom  Skywrath Mage","HAVU","Crystal Maiden  Magnus  Monkey King  Pangolier  Muerta","Team B"
"7163031638","15335","20 May 2023 04:01","1668","27:48","Team B","Nemiga Gaming","Juggernaut  Death Prophet  Rubick  Techies  Pangolier","One Move","Crystal Maiden  Mirana  Puck  Magnus  Monkey King","Team A"
"7163720902","15350","20 May 2023 11:55","1343","22:23","Team B","ALPHA","Mirana  Storm Spirit  Alchemist  Underlord  Snapfire","TSM","Beastmaster  Queen of Pain  Venomancer  Rubick  Monkey King","Team B"
"7163843122","15350","21 May 2023 02:55","2219","36:59","Team B","SAND KING GÓMEZ","Lich  Pugna  Doom  Alchemist  Pangolier","B8","Clinkz  Disruptor  Magnus  Monkey King  Void Spirit","Team B"
"7163875234","15346","21 May 2023 03:40","2645","44:05","Team A","Cyberdragon infinity","Clinkz  Enchantress  Batrider  Ember Spirit  Underlord","CDUB ESPORTS ACADEMY","Mirana  Windranger  Spirit Breaker  Chaos Knight  Monkey King","Team B"
"7163884523","15350","21 May 2023 03:58","2580","43:00","Team B","SAND KING GÓMEZ","Mirana  Storm Spirit  Phantom Assassin  Undying  Underlord","B8","Windranger  Enchantress  Bounty Hunter  Techies  Monkey King","Team B"
"7163924113","15346","21 May 2023 04:46","2969","49:29","Team A","Cyberdragon infinity","Queen of Pain  Venomancer  Enchantress  Magnus  Pangolier","CDUB ESPORTS ACADEMY","Mirana  Shadow Fiend  Phantom Assassin  Centaur Warrunner  Monkey King","Team B"
"7164115814","15377","21 May 2023 08:13","3107","51:47","Team A","WOLF","Tiny  Windranger  Spirit Breaker  Timbersaw  Techies","Rectify","Alchemist  Disruptor  Skywrath Mage  Ember Spirit  Monkey King","Team B"
"7164236088","15334","21 May 2023 10:23","4329","1:12:09","Team B","Not one step back gaming","Windranger  Rubick  Timbersaw  Skywrath Mage  Void Spirit","YNT","Crystal Maiden  Magnus  Techies  Monkey King  Pangolier","Team B"
"7164450328","15383","21 May 2023 12:46","2794","46:34","Team A","PSG.LGD","Crystal Maiden  Windranger  Alchemist  Timbersaw  Phoenix","INVICTUS GAMING","Beastmaster  Queen of Pain  Rubick  Abaddon  Monkey King","Team A"
"7164587231","15383","21 May 2023 02:05","2710","45:10","Team B","INVICTUS GAMING","Spirit Breaker  Alchemist  Visage  Grimstroke  Void Spirit","PSG.LGD","Axe  Silencer  Keeper of the Light  Monkey King  Pangolier","Team B"
"7165423027","15348","21 May 2023 11:16","1677","27:57","Team A","American goons","Crystal Maiden  Storm Spirit  Windranger  Rubick  Underlord","5meow","Venomancer  Luna  Keeper of the Light  Ember Spirit  Monkey King","Team A"
"7165703713","15377","22 May 2023 06:58","1264","21:04","Team B","WOLF","Mirana  Clinkz  Alchemist  Ember Spirit  Underlord","InterActive Philippines","Disruptor  Slark  Magnus  Techies  Monkey King","Team B"
"7165951732","15334","22 May 2023 12:14","2051","34:11","Team B","SIBE team","Beastmaster  Undying  Ember Spirit  Terrorblade  Grimstroke","Not one step back gaming","Medusa  Timbersaw  Monkey King  Dark Willow  Snapfire","Team B"
"7166096175","15374","22 May 2023 02:13","4201","1:10:01","Team A","Execration","Mirana  Techies  Ember Spirit  Underlord  Terrorblade","BOOM Esports","Pugna  Doom  Disruptor  Monkey King  Pangolier","Team A"
"7166129960","15349","22 May 2023 02:35","3026","50:26","Team A","Gen of Miracles","Bloodseeker  Storm Spirit  Lich  Clinkz  Ogre Magi","RAM SQUAD","Doom  Techies  Ember Spirit  Winter Wyvern  Monkey King","Team B"
"7166156117","15351","22 May 2023 02:57","3057","50:57","Team B","OG","Queen of Pain  Pugna  Doom  Rubick  Magnus","Team Secret","Windranger  Tidehunter  Lich  Spirit Breaker  Monkey King","Team B"
"7166204908","15377","22 May 2023 03:20","3118","51:58","Team B","Neon Esports","Dazzle  Doom  Alchemist  Skywrath Mage  Pangolier","Team Tough","Lich  Pugna  Magnus  Terrorblade  Monkey King","Team A"
"7166256739","15374","22 May 2023 03:51","2600","43:20","Team B","Execration","Beastmaster  Clinkz  Techies  Pangolier  Muerta","BOOM Esports","Mirana  Kunkka  Tidehunter  Oracle  Monkey King","Team A"
"7166370081","15349","22 May 2023 05:00","1817","30:17","Team A","IVY","Beastmaster  Dazzle  Batrider  Techies  Terrorblade","KZ TEAM","Crystal Maiden  Timbersaw  Earth Spirit  Monkey King  Pangolier","Team A"
"7166446638","15334","22 May 2023 05:48","3911","1:05:11","Team A","YNT","Bloodseeker  Crystal Maiden  Techies  Underlord  Void Spirit","Sibe Team","Lich  Templar Assassin  Doom  Skywrath Mage  Monkey King","Team B"
"7166550943","15349","22 May 2023 06:56","622","10:22","Team B","LEVEL UP","Mirana  Storm Spirit  Death Prophet  Doom  Naga Siren","Twisted Minds","Beastmaster  Batrider  Techies  Oracle  Monkey King","Team A"
"7166560470","15348","22 May 2023 07:01","1896","31:36","Team B","CAP","Windranger  Queen of Pain  Huskar  Undying  Skywrath Mage","CDUB ESPORTS ACADEMY","Lich  Phantom Assassin  Doom  Invoker  Monkey King","Team A"
"7166638645","15348","22 May 2023 08:00","1517","25:17","Team A","CDUB ESPORTS ACADEMY","Juggernaut  Windranger  Kunkka  Silencer  Tusk","CAP","Lich  Disruptor  Naga Siren  Magnus  Monkey King","Team B"
"7166701171","15351","22 May 2023 08:56","2458","40:58","Team A","Gaimin Gladiators","Windranger  Bounty Hunter  Doom  Phoenix  Pangolier","Team Liquid","Storm Spirit  Ogre Magi  Techies  Oracle  Monkey King","Team B"
"7167133706","15383","23 May 2023 07:06","2538","42:18","Team A","Piggy Killer","Queen of Pain  Nyx Assassin  Magnus  Arc Warden  Dark Willow","INVICTUS GAMING","Crystal Maiden  Puck  Pudge  Medusa  Monkey King","Team B"
"7167175577","15377","23 May 2023 08:06","2006","33:26","Team B","TeamKicked","Lifestealer  Doom  Skywrath Mage  Oracle  Pangolier","Rectify","Vengeful Spirit  Keeper of the Light  Techies  Ember Spirit  Monkey King","Team B"
"7167246434","15383","23 May 2023 09:42","1126","18:46","Team A","Team Aster","Doom  Magnus  Techies  Oracle  Snapfire","Team Bright","Crystal Maiden  Pudge  Spirit Breaker  Ember Spirit  Monkey King","Team A"
"7167420236","15334","23 May 2023 12:49","2809","46:49","Team B","Bald Dynasty","Anti-Mage  Jakiro  Timbersaw  Techies  Dark Willow","YNT","Vengeful Spirit  Ursa  Medusa  Monkey King  Void Spirit","Team A"
"7167524666","14691","23 May 2023 02:10","2118","35:18","Team A","Hot Headed Gaming","Mirana  Tidehunter  Shadow Demon  Medusa  Ember Spirit","HAVU","Sniper  Faceless Void  Batrider  Silencer  Monkey King","Team A"
"7167536144","15335","23 May 2023 02:21","2555","42:35","Team B","HYDRA","Storm Spirit  Pugna  Templar Assassin  Batrider  Rubick","Virtus.pro","Puck  Bounty Hunter  Techies  Oracle  Monkey King","Team A"
"7167644928","15377","23 May 2023 03:27","2884","48:04","Team B","Neon Esports","Doom  Skywrath Mage  Ember Spirit  Marci  Muerta","SPAWN Team","Windranger  Lich  Bounty Hunter  Timbersaw  Monkey King","Team A"
"7167894006","15364","23 May 2023 06:00","1171","19:31","Team A","Penguins Squad","Tidehunter  Alchemist  Silencer  Techies  Ember Spirit","Block Roar Esports","Beastmaster  Pugna  Batrider  Rubick  Monkey King","Team B"
"7168137290","15364","23 May 2023 08:59","2043","34:03","Team B","Chandogs","Tidehunter  Clinkz  Undying  Slark  Winter Wyvern","NoLimitsGaming","Disruptor  Magnus  Techies  Monkey King  Void Spirit","Team A"
"7168385221","15365","24 May 2023 02:13","2329","38:49","Team A","Acatsuki","Medusa  Skywrath Mage  Earth Spirit  Underlord  Phoenix","Balrogs Esports™","Invoker  Rubick  Oracle  Monkey King  Snapfire","Team A"
"7168687218","14691","24 May 2023 10:04","2439","40:39","Team B","Unity Esports","Batrider  Magnus  Techies  Oracle  Pangolier","RAM SQUAD","Puck  Venomancer  Rubick  Monkey King  Marci","Team B"
"7168753711","14691","24 May 2023 11:15","1916","31:56","Team B","Unity Esports","Windranger  Queen of Pain  Wraith King  Magnus  Skywrath Mage","RAM SQUAD","Storm Spirit  Pugna  Clinkz  Legion Commander  Monkey King","Team B"
"7168954669","15349","24 May 2023 02:17","2622","43:42","Team A","KZ TEAM","Death Prophet  Clockwerk  Rubick  Ember Spirit  Terrorblade","RAM SQUAD","Tinker  Clinkz  Spirit Breaker  Undying  Monkey King","Team B"
"7170542480","15335","25 May 2023 04:00","1496","24:56","Team B","Virtus.pro","Beastmaster  Silencer  Chaos Knight  Keeper of the Light  Void Spirit","Team Spirit","Storm Spirit  Pugna  Doom  Monkey King  Snapfire","Team A"
"7170563725","14691","25 May 2023 04:05","1401","23:21","Team A","IVY","Juggernaut  Storm Spirit  Pugna  Batrider  Spirit Breaker","HAVU","Anti-Mage  Shadow Demon  Timbersaw  Legion Commander  Monkey King","Team A"
"7170830940","14691","25 May 2023 06:58","3302","55:02","Team A","Hot Headed Gaming","Axe  Mirana  Medusa  Oracle  Pangolier","RAM SQUAD","Windranger  Venomancer  Doom  Techies  Monkey King","Team B"
"7170938464","15365","25 May 2023 08:12","2384","39:44","Team B","INFINITY","Phantom Assassin  Spirit Breaker  Disruptor  Visage  Void Spirit","Balrogs Esports™","Medusa  Techies  Oracle  Monkey King  Mars","Team A"
"7171063389","15365","25 May 2023 09:58","1641","27:21","Team A","Acatsuki","Mirana  Windranger  Clockwerk  Doom  Rubick","Evil Geniuses","Queen of Pain  Bounty Hunter  Timbersaw  Oracle  Monkey King","Team B"
"7171417393","15374","26 May 2023 07:00","4299","1:11:39","Team B","Made in Philippines","Queen of Pain  Pugna  Doom  Slark  Phoenix","Execration","Mirana  Techies  Underlord  Monkey King  Snapfire","Team B"
"7171557868","15374","26 May 2023 10:02","2958","49:18","Team B","Team SMG","Crystal Maiden  Beastmaster  Skywrath Mage  Earth Spirit  Terrorblade","Blacklist Rivalry","Enchantress  Spirit Breaker  Monkey King  Pangolier  Grimstroke","Team B"
"7171565985","14691","26 May 2023 10:03","2264","37:44","Team B","Gen of Miracles","Clockwerk  Medusa  Techies  Ember Spirit  Underlord","IVY","Enchantress  Huskar  Batrider  Spirit Breaker  Monkey King","Team B"
"7172013587","15351","26 May 2023 04:01","2379","39:39","Team B","Team Liquid","Doom  Slark  Oracle  Winter Wyvern  Void Spirit","OG","Mirana  Lich  Enigma  Earth Spirit  Monkey King","Team A"
"7172674598","15350","26 May 2023 11:54","1591","26:31","Team B","nouns","Windranger  Lich  Batrider  Doom  Ember Spirit","TSM","Lycan  Techies  Oracle  Monkey King  Pangolier","Team B"
"7173384871","15335","27 May 2023 01:00","2146","35:46","Team A","Nemiga Gaming","Morphling  Spirit Breaker  Magnus  Skywrath Mage  Pangolier","Team Spirit","Batrider  Ember Spirit  Oracle  Monkey King  Dark Willow","Team A"
"7173398447","14691","27 May 2023 01:05","2036","33:56","Team B","Gen of Miracles","Bloodseeker  Storm Spirit  Pugna  Legion Commander  Oracle","KZ TEAM","Mirana  Batrider  Spirit Breaker  Underlord  Monkey King","Team B"
"7174073924","15286","27 May 2023 07:59","2385","39:45","Team A","RAM SQUAD","Morphling  Puck  Beastmaster  Spirit Breaker  Techies","Balrogs Esports™","Venomancer  Clockwerk  Enchantress  Alchemist  Monkey King","Team A"
"7174554043","15350","28 May 2023 04:37","2070","34:30","Team B","ALPHA","Shadow Fiend  Puck  Beastmaster  Rubick  Disruptor","B8","Queen of Pain  Clinkz  Magnus  Techies  Monkey King","Team B"
"7175533035","15286","28 May 2023 05:05","2737","45:37","Team A","Unity Esports","Mirana  Storm Spirit  Pugna  Batrider  Io","ITB.Shuffle","Dark Seer  Rubick  Techies  Monkey King  Void Spirit","Team B"
"7175708029","15365","28 May 2023 06:58","2429","40:29","Team A","Infamous Gaming","Batrider  Treant Protector  Techies  Mars  Muerta","Balrogs Esports™","Pugna  Silencer  Rubick  Legion Commander  Monkey King","Team A"
"7176325454","15374","29 May 2023 07:03","2412","40:12","Team B","Army Geniuses Mansion","Morphling  Beastmaster  Faceless Void  Silencer  Keeper of the Light","BOOM Esports","Lich  Brewmaster  Techies  Monkey King  Void Spirit","Team A"
"7177315467","14691","29 May 2023 08:35","1933","32:13","Team B","Gen of Miracles","Tidehunter  Undying  Terrorblade  Dark Willow  Muerta","RAM SQUAD","Rubick  Disruptor  Magnus  Ember Spirit  Monkey King","Team B"
"7177404707","14691","29 May 2023 09:35","1739","28:59","Team B","Gen of Miracles","Juggernaut  Queen of Pain  Jakiro  Rubick  Underlord","RAM SQUAD","Batrider  Magnus  Ember Spirit  Phoenix  Monkey King","Team B"
"7177482884","15269","29 May 2023 10:49","1555","25:55","Team B","Balrogs Esports™","Shadow Fiend  Lich  Wraith King  Death Prophet  Spirit Breaker","x5 Gaming","Windranger  Beastmaster  Venomancer  Disruptor  Monkey King","Team B"
"7177616796","15269","30 May 2023 02:20","2589","43:09","Team B","Acatsuki","Viper  Rubick  Troll Warlord  Centaur Warrunner  Void Spirit","Lava Esports","Bloodseeker  Lycan  Undying  Techies  Monkey King","Team B"
"7178089588","15286","30 May 2023 12:59","1540","25:40","Team B","BAZA eSports","Storm Spirit  Keeper of the Light  Slark  Underlord  Oracle","Alliance","Bloodseeker  Silencer  Techies  Monkey King  Void Spirit","Team B"
"7178566993","15335","30 May 2023 06:07","1941","32:21","Team A","BetBoom Team","Bloodseeker  Enchantress  Spirit Breaker  Oracle  Void Spirit","Team Spirit","Lich  Rubick  Magnus  Monkey King  Pangolier","Team B"
"7178636521","15286","30 May 2023 06:59","3441","57:21","Team B","SAND KING GÓMEZ","Earthshaker  Shadow Demon  Medusa  Void Spirit  Dawnbreaker","Trouble Makers Reborn","Axe  Crystal Maiden  Keeper of the Light  Ember Spirit  Monkey King","Team B"
"7178753574","15286","30 May 2023 08:26","1223","20:23","Team B","Trouble Makers Reborn","Bloodseeker  Venomancer  Doom  Techies  Ember Spirit","SAND KING GÓMEZ","Tidehunter  Lich  Skywrath Mage  Terrorblade  Monkey King","Team A"
"7179038211","15365","31 May 2023 01:57","2677","44:37","Team B","beastcoast","Doom  Chaos Knight  Rubick  Phoenix  Pangolier","Balrogs Esports™","Mirana  Lich  Ogre Magi  Magnus  Monkey King","Team B"
"7179777766","15351","31 May 2023 04:03","3291","54:51","Team A","Entity","Phantom Lancer  Dark Seer  Undying  Techies  Ember Spirit","Luna Galaxy","Doom  Spirit Breaker  Silencer  Monkey King  Void Spirit","Team B"
"7179900676","14691","31 May 2023 05:07","2905","48:25","Team B","Unity Esports","Faceless Void  Leshrac  Batrider  Doom  Io","nouns","Keeper of the Light  Skywrath Mage  Monkey King  Pangolier  Primal Beast","Team B"
"7180389646","15350","31 May 2023 11:57","2506","41:46","Team A","DogChamp","Bloodseeker  Venomancer  Bounty Hunter  Oracle  Void Spirit","B8","Beastmaster  Batrider  Silencer  Ember Spirit  Monkey King","Team A"
"7180774145","15286","01 Jun 2023 10:01","1716","28:36","Team B","Sibe Team","Lich  Pugna  Doom  Naga Siren  Ember Spirit","NAVI Junior","Crystal Maiden  Techies  Monkey King  Void Spirit  Mars","Team A"
"7181117627","15286","01 Jun 2023 03:07","2332","38:52","Team A","nouns","Crystal Maiden  Sven  Keeper of the Light  Timbersaw  Primal Beast","ITB.Shuffle","Tinker  Dark Seer  Disruptor  Techies  Monkey King","Team A"
"7181324475","15286","01 Jun 2023 05:13","1677","27:57","Team B","Moneymakers","Beastmaster  Pugna  Clockwerk  Keeper of the Light  Medusa","sQreens squad","Lich  Doom  Terrorblade  Monkey King  Snapfire","Team A"
"7181703225","15269","01 Jun 2023 10:02","1995","33:15","Team B","Vivo Keyd Stars","Templar Assassin  Enchantress  Bounty Hunter  Timbersaw  Winter Wyvern","Lava Esports","Beastmaster  Undying  Rubick  Monkey King  Void Spirit","Team A"
"7181841299","15269","02 Jun 2023 12:59","1820","30:20","Team B","Thunder Awaken","Windranger  Keeper of the Light  Timbersaw  Terrorblade  Oracle","Balrogs Esports™","Enigma  Clockwerk  Silencer  Magnus  Monkey King","Team A"
"7181875405","15269","02 Jun 2023 01:59","875","14:35","Team A","Thunder Awaken","Venomancer  Batrider  Lone Druid  Techies  Terrorblade","Balrogs Esports™","Phantom Lancer  Dark Seer  Disruptor  Oracle  Monkey King","Team A"
"7182728678","15286","02 Jun 2023 05:15","1108","18:28","Team A","Moneymakers","Faceless Void  Pugna  Disruptor  Magnus  Timbersaw","Virtus.pro","Mirana  Spirit Breaker  Silencer  Monkey King  Void Spirit","Team B"
"7182797990","15351","02 Jun 2023 05:56","2408","40:08","Team B","Tundra Esports","Sven  Witch Doctor  Doom  Shadow Demon  Marci","Team Secret","Pugna  Templar Assassin  Chen  Monkey King  Pangolier","Team A"
"7183123709","15269","02 Jun 2023 10:00","1789","29:49","Team A","x5 Gaming","Bane  Windranger  Doom  Bristleback  Techies","Thunder Awaken","Disruptor  Timbersaw  Monkey King  Dark Willow  Mars","Team B"
"7183793243","15383","03 Jun 2023 11:20","2737","45:37","Team A","Team Aster","Bloodseeker  Jakiro  Batrider  Timbersaw  Mars","INVICTUS GAMING","Venomancer  Spirit Breaker  Visage  Monkey King  Void Spirit","Team B"
"7184181606","15286","03 Jun 2023 04:03","2819","46:59","Team B","Natus Vincere","Mirana  Riki  Magnus  Oracle  Void Spirit","StoRm","Storm Spirit  Silencer  Skywrath Mage  Legion Commander  Monkey King","Team A"
"7184591485","15286","03 Jun 2023 08:17","1908","31:48","Team A","Trouble Makers Reborn","Axe  Jakiro  Keeper of the Light  Ember Spirit  Void Spirit","Luna Galaxy","Storm Spirit  Tidehunter  Pugna  Skywrath Mage  Monkey King","Team B"
"7184648065","15335","03 Jun 2023 09:06","2448","40:48","Team B","9Pandas","Bloodseeker  Puck  Enigma  Rubick  Techies","Team Spirit","Storm Spirit  Lich  Pugna  Magnus  Monkey King","Team B"
"7184715889","15269","03 Jun 2023 10:00","1900","31:40","Team A","Universitario eSports","Crystal Maiden  Doom  Rubick  Medusa  Snapfire","Thunder Awaken","Windranger  Disruptor  Keeper of the Light  Monkey King  Pangolier","Team B"
"7184900410","15350","04 Jun 2023 01:21","1822","30:22","Team B","TSM","Pudge  Venomancer  Timbersaw  Techies  Terrorblade","SAND KING GÓMEZ","Mirana  Magnus  Legion Commander  Monkey King  Void Spirit","Team A"
"7184954323","15350","04 Jun 2023 02:55","1359","22:39","Team B","ALPHA","Queen of Pain  Spirit Breaker  Rubick  Troll Warlord  Underlord","nouns","Omniknight  Batrider  Io  Techies  Monkey King","Team B"
"7185698091","15383","04 Jun 2023 02:29","2420","40:20","Team A","PSG.LGD","Windranger  Venomancer  Magnus  Abaddon  Techies","Team Aster","Beastmaster  Silencer  Rubick  Ember Spirit  Monkey King","Team A"
"7185981024","15286","04 Jun 2023 05:15","1730","28:50","Team A","One Move","Death Prophet  Pugna  Magnus  Oracle  Void Spirit","nouns","Dark Seer  Spirit Breaker  Timbersaw  Techies  Monkey King","Team A"
"7186235946","15335","04 Jun 2023 08:07","2395","39:55","Team A","9Pandas","Lich  Doom  Naga Siren  Skywrath Mage  Pangolier","Virtus.pro","Tidehunter  Disruptor  Techies  Ember Spirit  Monkey King","Team B"
"7186320538","15335","04 Jun 2023 09:15","2671","44:31","Team B","9Pandas","Tiny  Lich  Doom  Skywrath Mage  Terrorblade","Virtus.pro","Batrider  Ancient Apparition  Magnus  Ember Spirit  Monkey King","Team A"
"7186719990","15383","05 Jun 2023 06:27","3902","1:05:02","Team A","Azure Ray","Phantom Lancer  Shadow Demon  Timbersaw  Techies  Ember Spirit","Xtreme Gaming","Queen of Pain  Batrider  Spirit Breaker  Silencer  Monkey King","Team B"
"7186752483","15374","05 Jun 2023 07:16","1838","30:38","Team A","Army Geniuses Mansion","Storm Spirit  Silencer  Naga Siren  Keeper of the Light  Mars","Blacklist Rivalry","Enchantress  Magnus  Techies  Monkey King  Pangolier","Team B"
"7186787815","15374","05 Jun 2023 08:11","2781","46:21","Team B","Army Geniuses Mansion","Beastmaster  Faceless Void  Rubick  Skywrath Mage  Ember Spirit","Blacklist Rivalry","Tidehunter  Lich  Monkey King  Dark Willow  Pangolier","Team B"
"7186887182","15383","05 Jun 2023 10:33","3685","1:01:25","Team A","Team Aster","Bloodseeker  Windranger  Batrider  Disruptor  Slark","INVICTUS GAMING","Puck  Brewmaster  Techies  Oracle  Monkey King","Team B"
"7186976751","15374","05 Jun 2023 12:06","1915","31:55","Team A","Execration","Bloodseeker  Puck  Windranger  Venomancer  Underlord","Blacklist Rivalry","Mirana  Storm Spirit  Pugna  Doom  Monkey King","Team B"
"7186980004","15383","05 Jun 2023 12:06","2518","41:58","Team A","Team Aster","Morphling  Doom  Techies  Phoenix  Void Spirit","INVICTUS GAMING","Lich  Templar Assassin  Shadow Demon  Centaur Warrunner  Monkey King","Team A"
"7187048741","15383","05 Jun 2023 01:13","3045","50:45","Team B","INVICTUS GAMING","Pugna  Medusa  Timbersaw  Winter Wyvern  Void Spirit","Team Aster","Beastmaster  Shadow Demon  Disruptor  Monkey King  Snapfire","Team A"
"7187134629","15335","05 Jun 2023 02:21","3051","50:51","Team B","One Move","Morphling  Windranger  Tidehunter  Rubick  Techies","HYDRA","Mirana  Lich  Magnus  Monkey King  Void Spirit","Team B"
"7187218223","15374","05 Jun 2023 03:20","2448","40:48","Team A","Army Geniuses Mansion","Windranger  Pugna  Naga Siren  Timbersaw  Dark Willow","BOOM Esports","Batrider  Silencer  Magnus  Monkey King  Grimstroke","Team A"
"7187382203","15351","05 Jun 2023 04:57","2486","41:26","Team A","Quest Esports","Templar Assassin  Batrider  Shadow Demon  Timbersaw  Techies","Team Liquid","Puck  Vengeful Spirit  Viper  Oracle  Monkey King","Team A"
"7187552726","15365","05 Jun 2023 06:56","855","14:15","Team A","Infamous Gaming","Mirana  Queen of Pain  Venomancer  Lifestealer  Spirit Breaker","Balrogs Esports™","Puck  Death Prophet  Clockwerk  Disruptor  Monkey King","Team A"
"7187604512","15351","05 Jun 2023 07:31","1622","27:02","Team A","Luna Galaxy","Juggernaut  Mirana  Beastmaster  Batrider  Ember Spirit","Entity","Silencer  Legion Commander  Techies  Monkey King  Void Spirit","Team A"
"7187691539","15350","05 Jun 2023 08:54","2047","34:07","Team A","ALPHA","Storm Spirit  Pugna  Templar Assassin  Techies  Underlord","SAND KING GÓMEZ","Venomancer  Silencer  Monkey King  Dark Willow  Void Spirit","Team A"
"7187839180","15365","05 Jun 2023 11:00","2631","43:51","Team B","beastcoast","Morphling  Tiny  Disruptor  Magnus  Phoenix","Evil Geniuses","Shadow Fiend  Batrider  Silencer  Earth Spirit  Monkey King","Team B"
"7188003542","15269","06 Jun 2023 03:53","2289","38:09","Team A","noMERCY","Doom  Magnus  Techies  Earth Spirit  Phoenix","Lava Esports","Juggernaut  Enchantress  Rubick  Monkey King  Snapfire","Team B"
"7188158388","15384","06 Jun 2023 08:07","2518","41:58","Team A","Limit","Rubick  Magnus  Oracle  Arc Warden  Void Spirit","Big brain","Morphling  Clockwerk  Batrider  Techies  Monkey King","Team B"
"7188472502","15286","06 Jun 2023 01:58","2219","36:59","Team A","Nemiga Gaming","Juggernaut  Doom  Silencer  Skywrath Mage  Pangolier","Virtus.pro","Enchantress  Magnus  Techies  Ember Spirit  Monkey King","Team A"
"7188561988","15286","06 Jun 2023 03:00","2004","33:24","Team A","Nemiga Gaming","Morphling  Doom  Silencer  Shadow Demon  Pangolier","Virtus.pro","Axe  Windranger  Ancient Apparition  Techies  Monkey King","Team A"
"7189148443","15366","06 Jun 2023 09:58","1979","32:59","Team A","Vivo Keyd Stars","Morphling  Venomancer  Doom  Skywrath Mage  Void Spirit","Los moticucos","Tidehunter  Templar Assassin  Bounty Hunter  Batrider  Monkey King","Team B"
"7189212689","15366","06 Jun 2023 10:58","2002","33:22","Team A","Los moticucos","Shadow Fiend  Puck  Tidehunter  Techies  Oracle","Vivo Keyd Stars","Mirana  Kunkka  Batrider  Timbersaw  Monkey King","Team B"
"7190211769","15352","07 Jun 2023 05:54","2631","43:51","Team B","LEVEL UP","Puck  Sven  Doom  Skywrath Mage  Techies","Alliance","Storm Spirit  Venomancer  Pugna  Dark Seer  Monkey King","Team A"
"7190308611","15352","07 Jun 2023 07:03","2488","41:28","Team B","LEVEL UP","Storm Spirit  Sven  Tidehunter  Pugna  Silencer","Alliance","Crystal Maiden  Magnus  Techies  Monkey King  Void Spirit","Team A"
"7190444131","15352","07 Jun 2023 08:53","2724","45:24","Team A","ITB.Shuffle","Mirana  Morphling  Legion Commander  Techies  Ember Spirit","Old G","Beastmaster  Enchantress  Shadow Demon  Monkey King  Muerta","Team B"
"7190662492","15269","08 Jun 2023 01:07","1655","27:35","Team A","Lava Esports","Lich  Pugna  Lycan  Magnus  Ember Spirit","Thunder Awaken","Shadow Fiend  Troll Warlord  Techies  Oracle  Monkey King","Team B"
"7190787508","15353","08 Jun 2023 05:04","2605","43:25","Team B","TiltedBoys","Mirana  Venomancer  Spirit Breaker  Slark  Pangolier","Ravens","Clinkz  Oracle  Monkey King  Void Spirit  Mars","Team B"
"7191527186","15336","08 Jun 2023 05:24","2706","45:06","Team A","Moneymakers","Venomancer  Pugna  Doom  Keeper of the Light  Medusa","Team Sexy","Batrider  Techies  Underlord  Oracle  Monkey King","Team B"
"7191743800","15366","08 Jun 2023 08:04","2519","41:59","Team A","x5 Gaming","Windranger  Witch Doctor  Batrider  Naga Siren  Techies","Los moticucos","Bloodseeker  Venomancer  Rubick  Monkey King  Void Spirit","Team A"
"7191950420","15366","08 Jun 2023 11:24","2106","35:06","Team A","Universitario eSports","Queen of Pain  Pugna  Dark Seer  Spirit Breaker  Medusa","Lava Esports","Beastmaster  Dragon Knight  Enchantress  Techies  Monkey King","Team A"
"7192014162","15366","09 Jun 2023 01:04","2520","42:00","Team B","Qhali","Queen of Pain  Doom  Skywrath Mage  Oracle  Void Spirit","Vivo Keyd Stars","Phantom Lancer  Kunkka  Batrider  Monkey King  Snapfire","Team A"
"7192646349","15352","09 Jun 2023 02:57","2269","37:49","Team B","Ancient Tribe","Bloodseeker  Lich  Necrophos  Pugna  Doom","Nigma Galaxy","Witch Doctor  Beastmaster  Techies  Monkey King  Void Spirit","Team B"
"7194887447","15366","10 Jun 2023 11:31","2960","49:20","Team B","noMERCY","Anti-Mage  Lion  Pugna  Timbersaw  Earth Spirit","Universitario eSports","Doom  Ursa  Rubick  Techies  Monkey King","Team B"
"7195310179","15375","11 Jun 2023 09:00","2229","37:09","Team B","Polaris Esports","Mirana  Doom  Alchemist  Oracle  Void Spirit","IHC","Windranger  Venomancer  Phoenix  Monkey King  Pangolier","Team A"
"7195520227","15439","11 Jun 2023 11:56","2513","41:53","Team A","PSG.LGD","Windranger  Rubick  Winter Wyvern  Void Spirit  Muerta","Evil Geniuses","Lich  Doom  Magnus  Monkey King  Snapfire","Team A"
"7195601255","15439","11 Jun 2023 01:06","1650","27:30","Team B","Talon","Vengeful Spirit  Death Prophet  Clinkz  Spirit Breaker  Alchemist","Team Secret","Batrider  Chen  Undying  Magnus  Monkey King","Team B"
"7195616260","15439","11 Jun 2023 01:12","1908","31:48","Team A","PSG.LGD","Witch Doctor  Faceless Void  Timbersaw  Ember Spirit  Phoenix","Evil Geniuses","Shadow Fiend  Windranger  Venomancer  Skywrath Mage  Monkey King","Team B"
"7195773784","15352","11 Jun 2023 02:57","3923","1:05:23","Team B","LEVEL UP","Bloodseeker  Mirana  Enigma  Queen of Pain  Doom","Ancient Tribe","Beastmaster  Batrider  Skywrath Mage  Ember Spirit  Monkey King","Team A"
"7195823566","15439","11 Jun 2023 03:37","1875","31:15","Team B","9Pandas","Mirana  Pugna  Medusa  Timbersaw  Techies","Entity","Doom  Invoker  Undying  Skywrath Mage  Monkey King","Team A"
"7196242708","15439","11 Jun 2023 08:04","2192","36:32","Team B","Team Aster","Anti-Mage  Venomancer  Doom  Techies  Ember Spirit","OG","Enchantress  Batrider  Medusa  Arc Warden  Monkey King","Team A"
"7196984581","15439","12 Jun 2023 11:55","2540","42:20","Team A","PSG.LGD","Beastmaster  Clockwerk  Skywrath Mage  Snapfire  Muerta","Team Secret","Windranger  Pugna  Shadow Demon  Monkey King  Pangolier","Team B"
"7197382646","15439","12 Jun 2023 05:09","2387","39:47","Team B","Evil Geniuses","Bloodseeker  Viper  Bounty Hunter  Disruptor  Snapfire","Team Secret","Tidehunter  Lich  Batrider  Timbersaw  Monkey King","Team A"
"7197422278","15336","12 Jun 2023 05:12","2265","37:45","Team B","Moneymakers","Venomancer  Slark  Timbersaw  Techies  Void Spirit","StoRm","Storm Spirit  Batrider  Shadow Demon  Keeper of the Light  Monkey King","Team B"
"7197522265","15439","12 Jun 2023 06:23","2155","35:55","Team B","Team Secret","Beastmaster  Chen  Slark  Techies  Void Spirit","Evil Geniuses","Windranger  Lich  Death Prophet  Bounty Hunter  Monkey King","Team A"
"7197557486","15439","12 Jun 2023 06:46","1427","23:47","Team A","Talon","Bloodseeker  Doom  Silencer  Techies  Ember Spirit","TSM","Lich  Batrider  Visage  Monkey King  Void Spirit","Team A"
"7197746276","15439","12 Jun 2023 09:21","2140","35:40","Team B","Entity","Windranger  Doom  Shadow Demon  Magnus  Skywrath Mage","OG","Venomancer  Faceless Void  Keeper of the Light  Monkey King  Void Spirit","Team B"
"7198009794","15353","13 Jun 2023 03:43","3200","53:20","Team A","GRIN Esports","Lich  Timbersaw  Abaddon  Hoodwink  Void Spirit","Wildcard","Templar Assassin  Batrider  Spirit Breaker  Techies  Monkey King","Team A"
"7198841043","15439","13 Jun 2023 06:17","2461","41:01","Team A","Team Liquid","Windranger  Timbersaw  Phoenix  Winter Wyvern  Void Spirit","Team Secret","Bane  Magnus  Skywrath Mage  Monkey King  Pangolier","Team A"
"7198906217","15439","13 Jun 2023 07:04","2443","40:43","Team A","Evil Geniuses","Venomancer  Shadow Demon  Timbersaw  Skywrath Mage  Legion Commander","Talon","Morphling  Windranger  Silencer  Monkey King  Snapfire","Team A"
"7199022943","15439","13 Jun 2023 08:43","1683","28:03","Team B","Gaimin Gladiators","Morphling  Undying  Rubick  Winter Wyvern  Void Spirit","OG","Windranger  Chen  Visage  Timbersaw  Monkey King","Team B"
"7199657284","15439","14 Jun 2023 11:55","2800","46:40","Team A","Tundra Esports","Pugna  Doom  Medusa  Techies  Void Spirit","Evil Geniuses","Bloodseeker  Windranger  Centaur Warrunner  Skywrath Mage  Monkey King","Team A"
"7199958992","15439","14 Jun 2023 04:05","2589","43:09","Team A","OG","Bane  Morphling  Windranger  Templar Assassin  Undying","Shopify Rebellion","Bloodseeker  Enchantress  Visage  Monkey King  Void Spirit","Team B"
"7201114074","15439","15 Jun 2023 02:12","2624","43:44","Team A","Evil Geniuses","Windranger  Venomancer  Faceless Void  Silencer  Timbersaw","Team Secret","Magnus  Winter Wyvern  Monkey King  Void Spirit  Snapfire","Team A"
"7202076353","15375","16 Jun 2023 07:00","3106","51:46","Team A","Myth Avenue Gaming","Lich  Techies  Ember Spirit  Terrorblade  Pangolier","Polaris Esports","Beastmaster  Pugna  Winter Wyvern  Monkey King  Dark Willow","Team B"
"7202122047","15375","16 Jun 2023 08:15","2223","37:03","Team B","Polaris Esports","Pugna  Leshrac  Spirit Breaker  Alchemist  Dark Willow","Myth Avenue Gaming","Morphling  Storm Spirit  Enchantress  Silencer  Monkey King","Team B"
"7202172088","15375","16 Jun 2023 09:20","1903","31:43","Team A","Myth Avenue Gaming","Storm Spirit  Pugna  Enchantress  Broodmother  Naga Siren","Polaris Esports","Mirana  Doom  Ember Spirit  Monkey King  Dark Willow","Team A"
"7202777399","15439","16 Jun 2023 05:59","3048","50:48","Team A","Gaimin Gladiators","Morphling  Broodmother  Undying  Hoodwink  Void Spirit","BetBoom Team","Doom  Disruptor  Techies  Ember Spirit  Monkey King","Team B"
"7202872523","15352","16 Jun 2023 07:02","3868","1:04:28","Team A","KZ TEAM","Silencer  Legion Commander  Techies  Ember Spirit  Terrorblade","LEVEL UP","Morphling  Death Prophet  Undying  Medusa  Monkey King","Team A"
"7202986786","15352","16 Jun 2023 08:39","3807","1:03:27","Team A","KZ TEAM","Phantom Lancer  Undying  Magnus  Skywrath Mage  Void Spirit","LEVEL UP","Storm Spirit  Tidehunter  Silencer  Terrorblade  Monkey King","Team B"
"7203339001","15353","17 Jun 2023 04:07","2269","37:49","Team B","Wildcard","Vengeful Spirit  Medusa  Skywrath Mage  Legion Commander  Pangolier","Ravens","Mirana  Batrider  Silencer  Magnus  Monkey King","Team A"
"7205310513","14691","18 Jun 2023 11:47","3249","54:09","Team B","Hot Headed Gaming","Mirana  Faceless Void  Rubick  Timbersaw  Mars","RAM SQUAD","Morphling  Broodmother  Undying  Techies  Monkey King","Team A"
"7205335290","15384","18 Jun 2023 12:14","1608","26:48","Team A","Team Zero","Anti-Mage  Morphling  Windranger  Pugna  Void Spirit","Limit","Shadow Demon  Medusa  Ember Spirit  Monkey King  Snapfire","Team A"
"7205911690","15439","18 Jun 2023 06:40","2622","43:42","Team B","PSG.LGD","Storm Spirit  Naga Siren  Techies  Phoenix  Mars","Evil Geniuses","Juggernaut  Dark Seer  Broodmother  Disruptor  Monkey King","Team B"
"7206189391","15439","18 Jun 2023 10:41","2820","47:00","Team A","BetBoom Team","Morphling  Undying  Keeper of the Light  Legion Commander  Ember Spirit","Team Aster","Tidehunter  Shadow Demon  Rubick  Monkey King  Snapfire","Team A"
"7206661832","15439","19 Jun 2023 10:57","2488","41:28","Team B","9Pandas","Axe  Morphling  Pugna  Batrider  Chaos Knight","Gaimin Gladiators","Tidehunter  Disruptor  Techies  Ember Spirit  Monkey King","Team B"
"7206846711","15475","19 Jun 2023 01:58","2660","44:20","Team B","Twisted Minds","Lich  Huskar  Broodmother  Legion Commander  Oracle","Team Secret","Earthshaker  Enigma  Rubick  Naga Siren  Monkey King","Team B"
"7207268786","15336","19 Jun 2023 07:00","2115","35:15","Team B","Moneymakers","Lich  Beastmaster  Pugna  Templar Assassin  Naga Siren","NAVI Junior","Broodmother  Batrider  Oracle  Monkey King  Void Spirit","Team A"
"7207380984","15439","19 Jun 2023 08:46","2240","37:20","Team B","Team Aster","Anti-Mage  Lich  Dark Seer  Techies  Void Spirit","Evil Geniuses","Enigma  Medusa  Legion Commander  Oracle  Monkey King","Team A"
"7207557779","15353","19 Jun 2023 11:24","1705","28:25","Team B","GRIN Esports","Morphling  Tidehunter  Pugna  Silencer  Magnus","CDUB Esports","Axe  Shadow Demon  Undying  Ember Spirit  Monkey King","Team B"
"7208018291","15384","20 Jun 2023 11:39","2513","41:53","Team B","Team Disillusion","Morphling  Enchantress  Undying  Legion Commander  Ember Spirit","Big brain","Windranger  Silencer  Nyx Assassin  Terrorblade  Monkey King","Team B"
"7208245881","15336","20 Jun 2023 03:06","3596","59:56","Team B","cybercats","Storm Spirit  Broodmother  Rubick  Terrorblade  Oracle","StoRm","Crystal Maiden  Enigma  Spirit Breaker  Monkey King  Snapfire","Team B"
"7208387388","15336","20 Jun 2023 04:44","3017","50:17","Team B","Natus Vincere","Sven  Lich  Queen of Pain  Pugna  Timbersaw","Team Sexy","Shadow Fiend  Enigma  Shadow Demon  Techies  Monkey King","Team A"
"7208426032","14691","20 Jun 2023 05:02","2600","43:20","Team A","RAM SQUAD","Queen of Pain  Doom  Lycan  Undying  Rubick","Trouble Makers Reborn","Windranger  Weaver  Batrider  Spirit Breaker  Monkey King","Team A"
"7209310817","15439","21 Jun 2023 10:55","2240","37:20","Team B","Talon","Puck  Batrider  Silencer  Slark  Underlord","BetBoom Team","Storm Spirit  Pugna  Enchantress  Disruptor  Monkey King","Team B"
"7209562372","15352","21 Jun 2023 03:02","1248","20:48","Team B","Old G","Sven  Venomancer  Bounty Hunter  Timbersaw  Phoenix","Nigma Galaxy","Axe  Lion  Enchantress  Keeper of the Light  Monkey King","Team B"
"7209827005","14691","21 Jun 2023 05:44","2313","38:33","Team B","Trouble Makers Reborn","Axe  Mirana  Windranger  Undying  Ember Spirit","KZ TEAM","Dazzle  Broodmother  Skywrath Mage  Monkey King  Primal Beast","Team B"
"7209832302","15352","21 Jun 2023 05:55","2147","35:47","Team B","LEVEL UP","Puck  Tidehunter  Bounty Hunter  Medusa  Skywrath Mage","ITB.Shuffle","Undying  Techies  Monkey King  Pangolier  Mars","Team B"
"7210248284","15353","21 Jun 2023 11:59","2299","38:19","Team B","TiltedBoys","Bloodseeker  Enchantress  Doom  Rubick  Snapfire","Nexus Titans","Zeus  Pugna  Disruptor  Timbersaw  Monkey King","Team B"
"7210431738","15353","22 Jun 2023 05:12","2064","34:24","Team A","The Cut","Bloodseeker  Queen of Pain  Clinkz  Doom  Silencer","Ravens","Morphling  Pugna  Timbersaw  Monkey King  Pangolier","Team A"
"7211050099","15336","22 Jun 2023 04:02","2302","38:22","Team A","StoRm","Bloodseeker  Puck  Batrider  Shadow Demon  Legion Commander","Team Sexy","Juggernaut  Storm Spirit  Tidehunter  Techies  Monkey King","Team B"
"7211458928","15366","22 Jun 2023 08:48","2499","41:39","Team A","NoPing Esports","Tidehunter  Luna  Spirit Breaker  Keeper of the Light  Ember Spirit","Vivo Keyd Stars","Dark Seer  Techies  Monkey King  Snapfire  Mars","Team A"
"7211888999","15375","23 Jun 2023 07:03","1785","29:45","Team B","Geek Slate","Mirana  Clockwerk  Dark Seer  Medusa  Timbersaw","Myth Avenue Gaming","Storm Spirit  Pugna  Enchantress  Magnus  Monkey King","Team A"
"7212112479","15375","23 Jun 2023 11:10","1480","24:40","Team A","SPAWN Team","Morphling  Clockwerk  Legion Commander  Techies  Snapfire","Polaris Esports","Earthshaker  Storm Spirit  Enigma  Pugna  Monkey King","Team B"
"7212328717","15470","23 Jun 2023 02:26","1605","26:45","Team B","Made in Philippines","Bloodseeker  Queen of Pain  Rubick  Ember Spirit  Underlord","Myth Avenue Gaming","Ancient Apparition  Naga Siren  Techies  Monkey King  Pangolier","Team B"
"7212753846","15352","23 Jun 2023 07:15","2481","41:21","Team B","LEVEL UP","Queen of Pain  Bounty Hunter  Naga Siren  Techies  Primal Beast","Old G","Enchantress  Batrider  Rubick  Legion Commander  Monkey King","Team A"
"7214052290","15336","24 Jun 2023 05:03","1610","26:50","Team A","NAVI Junior","Morphling  Dark Seer  Batrider  Spirit Breaker  Techies","Team Sexy","Venomancer  Slark  Ember Spirit  Oracle  Monkey King","Team B"
"7214107581","15439","24 Jun 2023 05:41","1932","32:12","Team A","Talon","Lich  Beastmaster  Keeper of the Light  Medusa  Ember Spirit","Gaimin Gladiators","Undying  Techies  Underlord  Terrorblade  Monkey King","Team B"
"7214280528","15439","24 Jun 2023 07:52","1925","32:05","Team A","PSG.LGD","Morphling  Beastmaster  Rubick  Abaddon  Pangolier","BetBoom Team","Tidehunter  Silencer  Techies  Ember Spirit  Monkey King","Team B"
"7214928927","15384","25 Jun 2023 09:16","1296","21:36","Team A","Limit","Rubick  Medusa  Legion Commander  Techies  Snapfire","Supernova","Windranger  Batrider  Silencer  Timbersaw  Monkey King","Team B"
"7215038339","14691","25 Jun 2023 11:01","2165","36:05","Team B","KZ TEAM","Beastmaster  Venomancer  Tusk  Techies  Terrorblade","Team Sexy","Juggernaut  Enigma  Magnus  Monkey King  Pangolier","Team B"
"7215240397","15375","25 Jun 2023 01:49","1817","30:17","Team B","Geek Slate","Pugna  Dark Seer  Spirit Breaker  Medusa  Primal Beast","Polaris Esports","Enigma  Techies  Monkey King  Pangolier  Grimstroke","Team A"
"7215348640","14691","25 Jun 2023 03:01","1909","31:49","Team B","RAM SQUAD","Morphling  Puck  Windranger  Pugna  Spirit Breaker","Team Sexy","Queen of Pain  Ancient Apparition  Underlord  Monkey King  Dark Willow","Team A"
"7216056561","15353","26 Jun 2023 12:00","2275","37:55","Team A","Nexus Titans","Windranger  Zeus  Silencer  Naga Siren  Techies","Ravens","Pugna  Alchemist  Lycan  Timbersaw  Monkey King","Team B"
"7216666465","14691","26 Jun 2023 02:04","2464","41:04","Team A","Ancient Tribe","Storm Spirit  Venomancer  Pugna  Medusa  Legion Commander","Team Sexy","Juggernaut  Shadow Fiend  Silencer  Visage  Monkey King","Team A"
"7216943673","14691","26 Jun 2023 05:02","1386","23:06","Team B","Hot Headed Gaming","Bloodseeker  Beastmaster  Pugna  Timbersaw  Techies","Gen of Miracles","Clockwerk  Clinkz  Shadow Demon  Monkey King  Mars","Team B"
"7217210485","14783","26 Jun 2023 08:18","1649","27:29","Team A","SAND KING GÓMEZ","Windranger  Broodmother  Abaddon  Techies  Ember Spirit","noMERCY","Lich  Beastmaster  Batrider  Slark  Monkey King","Team B"
"7217495858","15353","27 Jun 2023 01:41","3254","54:14","Team B","TiltedBoys","Lina  Faceless Void  Shadow Demon  Timbersaw  Techies","GRIN Esports","Axe  Enchantress  Medusa  Skywrath Mage  Monkey King","Team A"
"7219763218","14691","28 Jun 2023 05:53","1680","28:00","Team A","Gen of Miracles","Lich  Dark Seer  Spirit Breaker  Abaddon  Pangolier","KZ TEAM","Axe  Techies  Oracle  Monkey King  Primal Beast","Team B"
"7220065800","14783","28 Jun 2023 10:06","1808","30:08","Team B","Infamous Gaming","Lion  Broodmother  Ember Spirit  Phoenix  Muerta","SAND KING GÓMEZ","Queen of Pain  Pugna  Spirit Breaker  Underlord  Monkey King","Team A"
"7220315256","15438","29 Jun 2023 04:22","2452","40:52","Team B","Team Spirit","Morphling  Batrider  Spirit Breaker  Legion Commander  Dark Willow","Team Aster","Anti-Mage  Pugna  Skywrath Mage  Ember Spirit  Monkey King","Team A"
"7220338538","15438","29 Jun 2023 05:08","2760","46:00","Team B","INVICTUS GAMING","Leshrac  Enchantress  Batrider  Terrorblade  Mars","Execration","Storm Spirit  Pugna  Broodmother  Techies  Monkey King","Team A"
"7220374855","15438","29 Jun 2023 06:22","1684","28:04","Team B","Quest Esports","Faceless Void  Enchantress  Doom  Shadow Demon  Snapfire","BLEED","Storm Spirit  Windranger  Chen  Timbersaw  Monkey King","Team A"
"7220415613","15438","29 Jun 2023 07:22","1194","19:54","Team A","Quest Esports","Broodmother  Undying  Medusa  Techies  Ember Spirit","BLEED","Rubick  Elder Titan  Underlord  Monkey King  Snapfire","Team A"
"7220498523","15438","29 Jun 2023 09:34","2195","36:35","Team A","Team Liquid","Dark Seer  Enchantress  Spirit Breaker  Lone Druid  Medusa","Blacklist Rivalry","Anti-Mage  Storm Spirit  Pugna  Techies  Monkey King","Team A"
"7220530672","15438","29 Jun 2023 10:05","2391","39:51","Team A","Shopify Rebellion","Mirana  Doom  Undying  Ember Spirit  Terrorblade","beastcoast","Enchantress  Timbersaw  Skywrath Mage  Legion Commander  Monkey King","Team B"
"7221630397","15438","30 Jun 2023 04:04","1700","28:20","Team B","Shopify Rebellion","Lycan  Undying  Rubick  Medusa  Primal Beast","Tundra Esports","Tidehunter  Faceless Void  Techies  Monkey King  Snapfire","Team B"
"7221667905","15438","30 Jun 2023 04:51","2124","35:24","Team B","Execration","Morphling  Venomancer  Broodmother  Batrider  Disruptor","Team Liquid","Storm Spirit  Pugna  Dark Seer  Slark  Monkey King","Team B"
"7221808845","15438","30 Jun 2023 08:53","3031","50:31","Team A","Team Liquid","Mirana  Broodmother  Slark  Skywrath Mage  Ember Spirit","Team Aster","Storm Spirit  Pugna  Disruptor  Underlord  Monkey King","Team A"
"7222579479","14783","30 Jun 2023 07:42","2113","35:13","Team B","Vivo Keyd Stars","Morphling  Queen of Pain  Batrider  Undying  Techies","The Cut","Ancient Apparition  Visage  Medusa  Timbersaw  Monkey King","Team A"
"7222800004","14783","30 Jun 2023 10:56","1031","17:11","Team B","noMERCY","Storm Spirit  Templar Assassin  Viper  Undying  Skywrath Mage","Infamous Gaming","Enchantress  Timbersaw  Ember Spirit  Monkey King  Snapfire","Team A"
"7222991963","15438","01 Jul 2023 04:00","2207","36:47","Team B","Team Liquid","Juggernaut  Undying  Timbersaw  Ember Spirit  Dark Willow","Team Spirit","Queen of Pain  Luna  Enchantress  Visage  Monkey King","Team A"
"7223088375","15438","01 Jul 2023 06:26","1801","30:01","Team A","9Pandas","Storm Spirit  Beastmaster  Pugna  Alchemist  Skywrath Mage","Evil Geniuses","Broodmother  Brewmaster  Disruptor  Techies  Monkey King","Team A"
"7224193890","14691","01 Jul 2023 09:36","1276","21:16","Team A","KZ TEAM","Shadow Fiend  Undying  Naga Siren  Skywrath Mage  Legion Commander","Hot Headed Gaming","Enigma  Chen  Timbersaw  Monkey King  Marci","Team A"
"7225993831","15438","03 Jul 2023 04:00","1469","24:29","Team A","Team Liquid","Lion  Tidehunter  Death Prophet  Undying  Medusa","beastcoast","Skywrath Mage  Elder Titan  Ember Spirit  Monkey King  Primal Beast","Team A"
"7225997313","15438","03 Jul 2023 04:00","4070","1:07:50","Team A","Blacklist Rivalry","Puck  Enigma  Clockwerk  Batrider  Terrorblade","INVICTUS GAMING","Storm Spirit  Silencer  Techies  Monkey King  Mars","Team A"
"7226039329","15438","03 Jul 2023 05:11","2311","38:31","Team A","Tundra Esports","Bloodseeker  Lich  Enigma  Timbersaw  Snapfire","Team Aster","Leshrac  Batrider  Io  Monkey King  Mars","Team B"
"7226307937","15438","03 Jul 2023 11:55","2079","34:39","Team A","Shopify Rebellion","Enchantress  Lycan  Skywrath Mage  Ember Spirit  Mars","Blacklist Rivalry","Bloodseeker  Lich  Doom  Techies  Monkey King","Team A"
"7226691131","14691","03 Jul 2023 05:09","3044","50:44","Team B","Ancient Tribe","Morphling  Enigma  Tusk  Snapfire  Primal Beast","Team Sexy","Drow Ranger  Tidehunter  Batrider  Rubick  Monkey King","Team A"
"7227837678","14691","04 Jul 2023 03:11","3249","54:09","Team A","KZ TEAM","Anti-Mage  Queen of Pain  Undying  Elder Titan  Techies","Luna Galaxy","Axe  Morphling  Pugna  Viper  Monkey King","Team B"
"7227943108","14691","04 Jul 2023 04:35","1505","25:05","Team B","Luna Galaxy","Morphling  Queen of Pain  Batrider  Chen  Techies","KZ TEAM","Pudge  Enigma  Tinker  Enchantress  Monkey King","Team B"
"7228054423","14691","04 Jul 2023 05:52","1910","31:50","Team B","Ancient Tribe","Morphling  Lina  Jakiro  Snapfire  Primal Beast","KZ TEAM","Enigma  Leshrac  Enchantress  Earth Spirit  Monkey King","Team B"
"7228154397","14691","04 Jul 2023 06:53","3084","51:24","Team B","Ancient Tribe","Morphling  Puck  Enigma  Spirit Breaker  Techies","KZ TEAM","Storm Spirit  Dark Seer  Shadow Demon  Earth Spirit  Monkey King","Team B"
"7228729920","15058","05 Jul 2023 07:58","2172","36:12","Team B","Neon Esports","Puck  Dark Seer  Spirit Breaker  Abaddon  Techies","InterActive Philippines","Storm Spirit  Enigma  Pugna  Silencer  Monkey King","Team A"
"7229389110","14691","05 Jul 2023 06:25","1993","33:13","Team B","KZ TEAM","Drow Ranger  Enigma  Tinker  Undying  Earth Spirit","Team Sexy","Mirana  Vengeful Spirit  Medusa  Monkey King  Pangolier","Team A"
"7229452975","14691","05 Jul 2023 07:31","3619","1:00:19","Team B","KZ TEAM","Drow Ranger  Mirana  Undying  Timbersaw  Mars","Team Sexy","Enigma  Bounty Hunter  Visage  Ember Spirit  Monkey King","Team B"
"7229580551","14691","05 Jul 2023 09:12","2236","37:16","Team A","KZ TEAM","Morphling  Puck  Doom  Undying  Rubick","Team Sexy","Templar Assassin  Broodmother  Shadow Demon  Techies  Monkey King","Team B"
"7229648205","14691","05 Jul 2023 10:19","3100","51:40","Team B","KZ TEAM","Windranger  Enigma  Templar Assassin  Earth Spirit  Oracle","Team Sexy","Storm Spirit  Pugna  Clinkz  Underlord  Monkey King","Team B"
"7230914837","14783","06 Jul 2023 10:42","2494","41:34","Team B","noMERCY","Sven  Clockwerk  Disruptor  Visage  Pangolier","Infamous Gaming","Queen of Pain  Pugna  Dark Seer  Monkey King  Dark Willow","Team B"
"7231252499","15058","07 Jul 2023 08:06","2083","34:43","Team A","UD VESSUWAN","Morphling  Sven  Windranger  Batrider  Primal Beast","Yangon Galacticos","Queen of Pain  Silencer  Meepo  Monkey King  Snapfire","Team B"
"7231824757","15438","07 Jul 2023 05:14","1382","23:02","Team A","Gaimin Gladiators","Templar Assassin  Broodmother  Rubick  Techies  Terrorblade","Quest Esports","Morphling  Undying  Skywrath Mage  Monkey King  Pangolier","Team A"
"7232202529","14783","07 Jul 2023 10:01","1544","25:44","Team B","Lava Esports","Juggernaut  Death Prophet  Silencer  Ember Spirit  Dark Willow","Infamous Gaming","Storm Spirit  Tidehunter  Pugna  Techies  Monkey King","Team B"
"7235418298","14783","10 Jul 2023 01:04","1634","27:14","Team A","Infamous Gaming","Lifestealer  Enchantress  Broodmother  Skywrath Mage  Ember Spirit","Mad Kings Esports","Bounty Hunter  Alchemist  Disruptor  Phoenix  Monkey King","Team A"
"7248039044","15475","19 Jul 2023 12:17","2382","39:42","Team A","beastcoast","Axe  Sven  Clinkz  Timbersaw  Phoenix","Team Secret","Bloodseeker  Tidehunter  Chen  Monkey King  Snapfire","Team B"
"7248211527","15475","19 Jul 2023 02:54","3407","56:47","Team A","Xtreme Gaming","Templar Assassin  Lycan  Rubick  Pangolier  Snapfire","Team Secret","Enigma  Visage  Ember Spirit  Terrorblade  Monkey King","Team B"
"7248552573","15475","19 Jul 2023 06:48","3037","50:37","Team A","Virtus.pro","Lion  Tidehunter  Templar Assassin  Chaos Knight  Io","Team Liquid","Crystal Maiden  Lycan  Rubick  Monkey King  Snapfire","Team B"
"7248654234","15475","19 Jul 2023 08:19","2472","41:12","Team B","TSM","Bloodseeker  Lich  Rubick  Visage  Snapfire","Team Liquid","Crystal Maiden  Templar Assassin  Timbersaw  Oracle  Monkey King","Team B"
"7248665403","15475","19 Jul 2023 08:23","1609","26:49","Team A","Team Aster","Lion  Tidehunter  Faceless Void  Phoenix  Snapfire","Entity","Batrider  Invoker  Undying  Legion Commander  Monkey King","Team A"
"7248721077","15475","19 Jul 2023 09:20","2709","45:09","Team B","OG","Enigma  Venomancer  Templar Assassin  Clockwerk  Snapfire","Team Secret","Bloodseeker  Rubick  Visage  Timbersaw  Monkey King","Team A"
"7249401006","15475","20 Jul 2023 01:45","964","16:04","Team A","9Pandas","Windranger  Tinker  Beastmaster  Undying  Rubick","Team Secret","Enchantress  Slark  Timbersaw  Monkey King  Snapfire","Team B"
"7249408926","15475","20 Jul 2023 01:45","2281","38:01","Team B","Xtreme Gaming","Drow Ranger  Mirana  Beastmaster  Dragon Knight  Undying","OG","Phantom Lancer  Enigma  Venomancer  Ember Spirit  Monkey King","Team A"
"7250010833","15475","20 Jul 2023 09:43","2237","37:17","Team A","Team Secret","Bloodseeker  Crystal Maiden  Batrider  Timbersaw  Snapfire","Execration","Templar Assassin  Dark Seer  Jakiro  Rubick  Monkey King","Team A"
"7250531471","15475","21 Jul 2023 11:04","2507","41:47","Team A","Quest Esports","Mirana  Shadow Demon  Slark  Snapfire  Mars","Xtreme Gaming","Morphling  Broodmother  Elder Titan  Monkey King  Pangolier","Team A"
"7250595844","15475","21 Jul 2023 12:10","1654","27:34","Team B","PSG.LGD","Storm Spirit  Templar Assassin  Undying  Keeper of the Light  Mars","OG","Puck  Sven  Io  Visage  Monkey King","Team A"
"7250936095","15475","21 Jul 2023 04:53","2506","41:46","Team B","Evil Geniuses","Clinkz  Batrider  Skywrath Mage  Legion Commander  Pangolier","Team Spirit","Clockwerk  Leshrac  Chen  Monkey King  Mars","Team A"
"7251168778","15475","21 Jul 2023 07:45","2335","38:55","Team B","Tundra Esports","Clockwerk  Batrider  Medusa  Timbersaw  Pangolier","Talon","Enigma  Queen of Pain  Spirit Breaker  Rubick  Monkey King","Team A"
"7251230749","15475","21 Jul 2023 08:44","4131","1:08:51","Team A","Team Aster","Storm Spirit  Venomancer  Rubick  Troll Warlord  Timbersaw","Team Secret","Puck  Tidehunter  Batrider  Silencer  Monkey King","Team A"
"7251930356","15475","22 Jul 2023 11:00","2298","38:18","Team A","Evil Geniuses","Morphling  Undying  Legion Commander  Marci  Primal Beast","Gaimin Gladiators","Templar Assassin  Dark Seer  Enchantress  Batrider  Monkey King","Team A"
"7252534301","15475","22 Jul 2023 06:45","2769","46:09","Team B","BetBoom Team","Tiny  Enchantress  Lycan  Undying  Medusa","Team Secret","Earthshaker  Dark Seer  Batrider  Shadow Demon  Monkey King","Team B"
"7252626819","15475","22 Jul 2023 07:57","1906","31:46","Team A","Tundra Esports","Bloodseeker  Leshrac  Dark Seer  Io  Visage","Team Aster","Clockwerk  Rubick  Legion Commander  Monkey King  Snapfire","Team B"
"7253603921","15475","23 Jul 2023 01:44","1835","30:35","Team B","Tundra Esports","Razor  Clockwerk  Chaos Knight  Timbersaw  Techies","Team Liquid","Lion  Dark Seer  Oracle  Monkey King  Snapfire","Team B"
"7253605315","15475","23 Jul 2023 02:00","1499","24:59","Team A","Shopify Rebellion","Lion  Death Prophet  Luna  Dark Seer  Shadow Demon","Team Secret","Tiny  Tidehunter  Batrider  Chen  Monkey King","Team B"
"7253700182","15475","23 Jul 2023 02:58","2249","37:29","Team A","Shopify Rebellion","Razor  Lion  Beastmaster  Naga Siren  Io","Team Secret","Silencer  Terrorblade  Monkey King  Snapfire  Mars","Team A"
"7254713049","15534","24 Jul 2023 09:03","1407","23:27","Team B","UALEIKUMNIHAO","Mirana  Morphling  Broodmother  Elder Titan  Snapfire","Neon Esports","Lich  Rubick  Legion Commander  Ember Spirit  Monkey King","Team B"
"7254796354","15475","24 Jul 2023 11:08","3268","54:28","Team B","Xtreme Gaming","Windranger  Meepo  Disruptor  Slark  Elder Titan","Evil Geniuses","Storm Spirit  Lich  Enigma  Keeper of the Light  Monkey King","Team B"
"7254934266","15475","24 Jul 2023 01:46","2717","45:17","Team A","Talon","Tiny  Enigma  Faceless Void  Timbersaw  Snapfire","Team Liquid","Clockwerk  Dark Seer  Enchantress  Ember Spirit  Monkey King","Team B"
"7255068259","15475","24 Jul 2023 03:29","2444","40:44","Team A","Team Aster","Lion  Faceless Void  Broodmother  Rubick  Snapfire","Shopify Rebellion","Storm Spirit  Beastmaster  Clockwerk  Keeper of the Light  Monkey King","Team A"
"7255260268","15534","24 Jul 2023 05:27","2847","47:27","Team A","HYDRA","Bloodseeker  Lich  Spirit Breaker  Pangolier  Snapfire","Infamous Gaming","Beastmaster  Venomancer  Rubick  Underlord  Monkey King","Team A"
"7256055260","15534","25 Jul 2023 10:17","2691","44:51","Team B","UALEIKUMNIHAO","Pugna  Spectre  Doom  Rubick  Ember Spirit","Polaris Esports","Enigma  Clockwerk  Batrider  Monkey King  Snapfire","Team A"
"7256277256","15475","25 Jul 2023 02:34","2538","42:18","Team B","Gaimin Gladiators","Lion  Broodmother  Slark  Skywrath Mage  Pangolier","Team Liquid","Undying  Rubick  Visage  Ember Spirit  Monkey King","Team A"
"7256296363","15534","25 Jul 2023 02:31","2447","40:47","Team A","Neon Esports","Storm Spirit  Lich  Beastmaster  Rubick  Terrorblade","One Move","Batrider  Chen  Meepo  Legion Commander  Monkey King","Team B"
"7256390936","15534","25 Jul 2023 03:48","1773","29:33","Team B","Neon Esports","Bloodseeker  Storm Spirit  Clockwerk  Silencer  Visage","One Move","Templar Assassin  Dark Seer  Batrider  Disruptor  Monkey King","Team B"
"7256414790","15475","25 Jul 2023 03:59","2359","39:19","Team A","Gaimin Gladiators","Morphling  Razor  Undying  Techies  Pangolier","Team Liquid","Templar Assassin  Dark Seer  Spirit Breaker  Rubick  Monkey King","Team B"
"7256512720","15475","25 Jul 2023 05:10","2578","42:58","Team B","Gaimin Gladiators","Storm Spirit  Keeper of the Light  Timbersaw  Terrorblade  Oracle","Team Liquid","Templar Assassin  Rubick  Skywrath Mage  Legion Commander  Monkey King","Team B"
"7256515607","15534","25 Jul 2023 05:05","1802","30:02","Team A","Thunder Awaken","Broodmother  Batrider  Legion Commander  Ember Spirit  Phoenix","HYDRA","Lich  Naga Siren  Techies  Underlord  Monkey King","Team B"
"7256848028","15475","25 Jul 2023 09:44","3614","1:00:14","Team B","9Pandas","Windranger  Night Stalker  Doom  Silencer  Timbersaw","BetBoom Team","Storm Spirit  Dragon Knight  Keeper of the Light  Oracle  Monkey King","Team B"
"7257930409","15534","26 Jul 2023 06:38","1891","31:31","Team A","Thunder Awaken","Windranger  Lion  Broodmother  Phoenix  Snapfire","One Move","Queen of Pain  Rubick  Centaur Warrunner  Techies  Monkey King","Team B"
"7258005870","15475","26 Jul 2023 07:40","2574","42:54","Team A","Evil Geniuses","Bloodseeker  Enigma  Ancient Apparition  Snapfire  Primal Beast","Team Aster","Windranger  Lion  Dark Seer  Shadow Demon  Monkey King","Team B"
"7259217438","15534","27 Jul 2023 06:26","1813","30:13","Team B","HYDRA","Juggernaut  Huskar  Spirit Breaker  Skywrath Mage  Snapfire","One Move","Shadow Fiend  Enigma  Ember Spirit  Oracle  Monkey King","Team A"
"7260520464","15475","28 Jul 2023 05:49","2585","43:05","Team B","9Pandas","Morphling  Enigma  Tinker  Doom  Elder Titan","Team Aster","Rubick  Ember Spirit  Phoenix  Monkey King  Mars","Team A"
"7260671379","15475","28 Jul 2023 07:33","2309","38:29","Team A","BetBoom Team","Axe  Puck  Undying  Techies  Terrorblade","Gaimin Gladiators","Doom  Rubick  Monkey King  Pangolier  Snapfire","Team A"
"7261483059","15058","29 Jul 2023 10:55","2030","33:50","Team B","Gengar","Juggernaut  Beastmaster  Death Prophet  Undying  Skywrath Mage","Yangon Galacticos","Spirit Breaker  Rubick  Ember Spirit  Monkey King  Snapfire","Team A"
"7261906286","15475","29 Jul 2023 02:52","3240","54:00","Team A","Team Spirit","Puck  Lion  Beastmaster  Enchantress  Slark","Team Liquid","Leshrac  Broodmother  Undying  Techies  Monkey King","Team A"
"7262424077","15475","29 Jul 2023 09:39","3172","52:52","Team A","Gaimin Gladiators","Morphling  Storm Spirit  Rubick  Keeper of the Light  Underlord","Talon","Clockwerk  Dark Seer  Elder Titan  Monkey King  Snapfire","Team B"
"7263116991","15475","30 Jul 2023 10:47","2039","33:59","Team A","Team Liquid","Lion  Beastmaster  Medusa  Elder Titan  Pangolier","Talon","Anti-Mage  Windranger  Shadow Demon  Undying  Monkey King","Team A"
"7263597757","15475","30 Jul 2023 04:02","3054","50:54","Team B","Team Spirit","Faceless Void  Enchantress  Batrider  Timbersaw  Techies","Team Liquid","Mirana  Rubick  Naga Siren  Monkey King  Snapfire","Team A"
"7265460873","14783","01 Aug 2023 02:16","2492","41:32","Team A","Mad Kings Esports","Drow Ranger  Clockwerk  Clinkz  Broodmother  Ember Spirit","NoPing Esports","Templar Assassin  Dark Seer  Enchantress  Rubick  Monkey King","Team B"
"7267459404","15472","02 Aug 2023 03:49","2237","37:17","Team B","UD VESSUWAN","Morphling  Windranger  Skywrath Mage  Elder Titan  Legion Commander","IHC","Dark Seer  Batrider  Spirit Breaker  Monkey King  Pangolier","Team B"
"7268015143","14783","02 Aug 2023 11:05","1757","29:17","Team B","Universitario eSports","Viper  Spirit Breaker  Alchemist  Rubick  Timbersaw","Mad Kings Esports","Templar Assassin  Enchantress  Monkey King  Snapfire  Mars","Team B"
"7268490758","15472","03 Aug 2023 11:01","2158","35:58","Team A","Neon Esports","Sven  Lion  Beastmaster  Undying  Pangolier","UD VESSUWAN","Windranger  Enigma  Rubick  Elder Titan  Monkey King","Team B"
"7269422914","14783","04 Aug 2023 12:08","3119","51:59","Team A","Universitario eSports","Queen of Pain  Undying  Medusa  Timbersaw  Techies","x5 Gaming","Batrider  Spirit Breaker  Lycan  Monkey King  Snapfire","Team A"
"7269497276","14783","04 Aug 2023 02:15","1929","32:09","Team B","Mad Kings Esports","Rubick  Terrorblade  Phoenix  Snapfire  Mars","Infamous Gaming","Lion  Venomancer  Ember Spirit  Monkey King  Dawnbreaker","Team B"
"7271502526","14691","05 Aug 2023 02:01","1925","32:05","Team A","KZ TEAM","Pugna  Templar Assassin  Meepo  Rubick  Underlord","Moneymakers","Lion  Dark Seer  Silencer  Monkey King  Pangolier","Team A"
"7273576475","14783","06 Aug 2023 07:52","2841","47:21","Team B","x5 Gaming","Beastmaster  Enchantress  Rubick  Slark  Snapfire","Infamous Gaming","Lion  Venomancer  Leshrac  Monkey King  Primal Beast","Team B"
"7274930167","14783","07 Aug 2023 07:56","2020","33:40","Team A","AcatSuki","Tiny  Leshrac  Disruptor  Terrorblade  Snapfire","Infamous Gaming","Bane  Rubick  Monkey King  Pangolier  Primal Beast","Team A"